main_id,facility_group_id,company_id,year,flow_type,subflow_type_agg,value_normalized_sum,ore_type,mining_method,mining_submethod,facility_name,facility_group_name,company_name,city,province,geometry,status,activity_status,development_stage,facility_type,mining_processing_type,commodity_group,commodities,owner(s),operator(s),operation_periods,company_URL,facility_URL,MDO_URL,source_id
BC-MAIN-599152a0,nan,CMP-12afc634,2023,Energy,Diesel,11.798048192462073,Sulfide,Concentrator,,Copper Mountain,,Hudbay Minerals Inc,Princeton,British Columbia,POINT (-120.533 49.331),active_facility,,,mining,"Open-pit, concentrator",Base metals,"Copper, gold, silver",Hudbay Minerals Inc (100%),Copper Mountain Mine Ltd,1884–1958; 2011–open,https://hudbayminerals.com/canada/default.aspx,-,https://miningdataonline.com/property/1/copper-mountain-mine.aspx,https://open.canada.ca/data/en/dataset/000183ed-8864-42f0-ae43-c4313a860720;https://doi.org/10.1038/s41597-024-03116-3
BC-MAIN-599152a0,nan,CMP-12afc634,2023,Energy,Electricity,286.790499540086,Sulfide,Concentrator,,Copper Mountain,,Hudbay Minerals Inc,Princeton,British Columbia,POINT (-120.533 49.331),active_facility,,,mining,"Open-pit, concentrator",Base metals,"Copper, gold, silver",Hudbay Minerals Inc (100%),Copper Mountain Mine Ltd,1884–1958; 2011–open,https://hudbayminerals.com/canada/default.aspx,-,https://miningdataonline.com/property/1/copper-mountain-mine.aspx,https://open.canada.ca/data/en/dataset/000183ed-8864-42f0-ae43-c4313a860720;https://doi.org/10.1038/s41597-024-03116-3
BC-MAIN-599152a0,nan,CMP-12afc634,2023,Energy,Gasoline,0.05362749178391851,Sulfide,Concentrator,,Copper Mountain,,Hudbay Minerals Inc,Princeton,British Columbia,POINT (-120.533 49.331),active_facility,,,mining,"Open-pit, concentrator",Base metals,"Copper, gold, silver",Hudbay Minerals Inc (100%),Copper Mountain Mine Ltd,1884–1958; 2011–open,https://hudbayminerals.com/canada/default.aspx,-,https://miningdataonline.com/property/1/copper-mountain-mine.aspx,https://open.canada.ca/data/en/dataset/000183ed-8864-42f0-ae43-c4313a860720;https://doi.org/10.1038/s41597-024-03116-3
BC-MAIN-599152a0,nan,CMP-12afc634,2023,Energy,LPG-Propane,1.474756024057759,Sulfide,Concentrator,,Copper Mountain,,Hudbay Minerals Inc,Princeton,British Columbia,POINT (-120.533 49.331),active_facility,,,mining,"Open-pit, concentrator",Base metals,"Copper, gold, silver",Hudbay Minerals Inc (100%),Copper Mountain Mine Ltd,1884–1958; 2011–open,https://hudbayminerals.com/canada/default.aspx,-,https://miningdataonline.com/property/1/copper-mountain-mine.aspx,https://open.canada.ca/data/en/dataset/000183ed-8864-42f0-ae43-c4313a860720;https://doi.org/10.1038/s41597-024-03116-3
BC-MAIN-6b4800fe,nan,CMP-e35f138c,2023,Energy,Diesel,56.121766666666666,Sulfide,"Open-pit, concentrator",Surface – Truck & Shovel,Gibraltar,,Taseko Mines Limited,north of Williams Lake,British Columbia,POINT (-122.28716 52.528495),active_facility,,,mining,"Open-pit, concentrator",Base metals,"Copper, molybdenum, silver",Taseko Mines Limited (100%),,1972–1998; 2004–open,https://www.tasekomines.com/,https://www.tasekomines.com/properties/gibraltar-mine/,https://miningdataonline.com/property/2/Gibraltar-Mine.aspx,https://open.canada.ca/data/en/dataset/000183ed-8864-42f0-ae43-c4313a860720;https://doi.org/10.1038/s41597-024-03116-3
BC-MAIN-6b4800fe,nan,CMP-e35f138c,2023,Energy,Electricity,56.522166666666664,Sulfide,"Open-pit, concentrator",Surface – Truck & Shovel,Gibraltar,,Taseko Mines Limited,north of Williams Lake,British Columbia,POINT (-122.28716 52.528495),active_facility,,,mining,"Open-pit, concentrator",Base metals,"Copper, molybdenum, silver",Taseko Mines Limited (100%),,1972–1998; 2004–open,https://www.tasekomines.com/,https://www.tasekomines.com/properties/gibraltar-mine/,https://miningdataonline.com/property/2/Gibraltar-Mine.aspx,https://open.canada.ca/data/en/dataset/000183ed-8864-42f0-ae43-c4313a860720;https://doi.org/10.1038/s41597-024-03116-3
BC-MAIN-6b4800fe,nan,CMP-e35f138c,2023,Energy,Gasoline,1.2930333333333333,Sulfide,"Open-pit, concentrator",Surface – Truck & Shovel,Gibraltar,,Taseko Mines Limited,north of Williams Lake,British Columbia,POINT (-122.28716 52.528495),active_facility,,,mining,"Open-pit, concentrator",Base metals,"Copper, molybdenum, silver",Taseko Mines Limited (100%),,1972–1998; 2004–open,https://www.tasekomines.com/,https://www.tasekomines.com/properties/gibraltar-mine/,https://miningdataonline.com/property/2/Gibraltar-Mine.aspx,https://open.canada.ca/data/en/dataset/000183ed-8864-42f0-ae43-c4313a860720;https://doi.org/10.1038/s41597-024-03116-3
BC-MAIN-6b4800fe,nan,CMP-e35f138c,2023,Energy,LPG-Propane,0.0151,Sulfide,"Open-pit, concentrator",Surface – Truck & Shovel,Gibraltar,,Taseko Mines Limited,north of Williams Lake,British Columbia,POINT (-122.28716 52.528495),active_facility,,,mining,"Open-pit, concentrator",Base metals,"Copper, molybdenum, silver",Taseko Mines Limited (100%),,1972–1998; 2004–open,https://www.tasekomines.com/,https://www.tasekomines.com/properties/gibraltar-mine/,https://miningdataonline.com/property/2/Gibraltar-Mine.aspx,https://open.canada.ca/data/en/dataset/000183ed-8864-42f0-ae43-c4313a860720;https://doi.org/10.1038/s41597-024-03116-3
BC-MAIN-6b4800fe,nan,CMP-e35f138c,2023,Energy,Natural gas,6.232566666666667,Sulfide,"Open-pit, concentrator",Surface – Truck & Shovel,Gibraltar,,Taseko Mines Limited,north of Williams Lake,British Columbia,POINT (-122.28716 52.528495),active_facility,,,mining,"Open-pit, concentrator",Base metals,"Copper, molybdenum, silver",Taseko Mines Limited (100%),,1972–1998; 2004–open,https://www.tasekomines.com/,https://www.tasekomines.com/properties/gibraltar-mine/,https://miningdataonline.com/property/2/Gibraltar-Mine.aspx,https://open.canada.ca/data/en/dataset/000183ed-8864-42f0-ae43-c4313a860720;https://doi.org/10.1038/s41597-024-03116-3
BC-MAIN-857b7b89,nan,CMP-4a434d72,2023,Energy,Aviation fuel,106.29667725021949,Sulfide,"Open-pit, concentrator",Surface – Truck & Shovel,Brucejack,,Newmont Corporation,Stewart,British Columbia,POINT (-130.21783 56.47554),active_facility,,,mining,"Underground, concentrator",Precious metals,"Gold, silver","Newmount Corporation (70%), Imperial Metals Corp (30%)",,2017–open,https://www.newmont.com/home/default.aspx,https://operations.newmont.com/north-america/red-chris-canada,https://miningdataonline.com/property/246/Red-Chris-Mine.aspx,https://open.canada.ca/data/en/dataset/000183ed-8864-42f0-ae43-c4313a860720;https://doi.org/10.1038/s41597-024-03116-3
BC-MAIN-857b7b89,nan,CMP-4a434d72,2023,Energy,Diesel,1195.5345551466198,Sulfide,"Open-pit, concentrator",Surface – Truck & Shovel,Brucejack,,Newmont Corporation,Stewart,British Columbia,POINT (-130.21783 56.47554),active_facility,,,mining,"Underground, concentrator",Precious metals,"Gold, silver","Newmount Corporation (70%), Imperial Metals Corp (30%)",,2017–open,https://www.newmont.com/home/default.aspx,https://operations.newmont.com/north-america/red-chris-canada,https://miningdataonline.com/property/246/Red-Chris-Mine.aspx,https://open.canada.ca/data/en/dataset/000183ed-8864-42f0-ae43-c4313a860720;https://doi.org/10.1038/s41597-024-03116-3
BC-MAIN-857b7b89,nan,CMP-4a434d72,2023,Energy,Electricity,1123.8919300263387,Sulfide,"Open-pit, concentrator",Surface – Truck & Shovel,Brucejack,,Newmont Corporation,Stewart,British Columbia,POINT (-130.21783 56.47554),active_facility,,,mining,"Underground, concentrator",Precious metals,"Gold, silver","Newmount Corporation (70%), Imperial Metals Corp (30%)",,2017–open,https://www.newmont.com/home/default.aspx,https://operations.newmont.com/north-america/red-chris-canada,https://miningdataonline.com/property/246/Red-Chris-Mine.aspx,https://open.canada.ca/data/en/dataset/000183ed-8864-42f0-ae43-c4313a860720;https://doi.org/10.1038/s41597-024-03116-3
BC-MAIN-857b7b89,nan,CMP-4a434d72,2023,Energy,Gasoline,21.99364354697103,Sulfide,"Open-pit, concentrator",Surface – Truck & Shovel,Brucejack,,Newmont Corporation,Stewart,British Columbia,POINT (-130.21783 56.47554),active_facility,,,mining,"Underground, concentrator",Precious metals,"Gold, silver","Newmount Corporation (70%), Imperial Metals Corp (30%)",,2017–open,https://www.newmont.com/home/default.aspx,https://operations.newmont.com/north-america/red-chris-canada,https://miningdataonline.com/property/246/Red-Chris-Mine.aspx,https://open.canada.ca/data/en/dataset/000183ed-8864-42f0-ae43-c4313a860720;https://doi.org/10.1038/s41597-024-03116-3
BC-MAIN-857b7b89,nan,CMP-4a434d72,2023,Energy,LPG-Propane,70.51377155399474,Sulfide,"Open-pit, concentrator",Surface – Truck & Shovel,Brucejack,,Newmont Corporation,Stewart,British Columbia,POINT (-130.21783 56.47554),active_facility,,,mining,"Underground, concentrator",Precious metals,"Gold, silver","Newmount Corporation (70%), Imperial Metals Corp (30%)",,2017–open,https://www.newmont.com/home/default.aspx,https://operations.newmont.com/north-america/red-chris-canada,https://miningdataonline.com/property/246/Red-Chris-Mine.aspx,https://open.canada.ca/data/en/dataset/000183ed-8864-42f0-ae43-c4313a860720;https://doi.org/10.1038/s41597-024-03116-3
BC-MAIN-8eb8be0d,nan,CMP-4a434d72,2023,Energy,Aviation fuel,26.900028249027237,Sulfide,Concentrator,Underground – Stoping – Long-Hole Stoping,Red Chris,,Newmont Corporation,Kinaskan Lake,British Columbia,POINT (-129.78333 57.7),active_facility,,,mining,"Open-pit, concentrator",Base metals,"Gold, copper, silver",Orla Mining Ltd (100%),,2015–open,x,x,https://miningdataonline.com/property/63/Musselwhite-Mine.aspx,https://open.canada.ca/data/en/dataset/000183ed-8864-42f0-ae43-c4313a860720;https://doi.org/10.1038/s41597-024-03116-3
BC-MAIN-8eb8be0d,nan,CMP-4a434d72,2023,Energy,Diesel,311.65865860869815,Sulfide,Concentrator,Underground – Stoping – Long-Hole Stoping,Red Chris,,Newmont Corporation,Kinaskan Lake,British Columbia,POINT (-129.78333 57.7),active_facility,,,mining,"Open-pit, concentrator",Base metals,"Gold, copper, silver",Orla Mining Ltd (100%),,2015–open,x,x,https://miningdataonline.com/property/63/Musselwhite-Mine.aspx,https://open.canada.ca/data/en/dataset/000183ed-8864-42f0-ae43-c4313a860720;https://doi.org/10.1038/s41597-024-03116-3
BC-MAIN-8eb8be0d,nan,CMP-4a434d72,2023,Energy,Electricity,501.1495956051194,Sulfide,Concentrator,Underground – Stoping – Long-Hole Stoping,Red Chris,,Newmont Corporation,Kinaskan Lake,British Columbia,POINT (-129.78333 57.7),active_facility,,,mining,"Open-pit, concentrator",Base metals,"Gold, copper, silver",Orla Mining Ltd (100%),,2015–open,x,x,https://miningdataonline.com/property/63/Musselwhite-Mine.aspx,https://open.canada.ca/data/en/dataset/000183ed-8864-42f0-ae43-c4313a860720;https://doi.org/10.1038/s41597-024-03116-3
BC-MAIN-8eb8be0d,nan,CMP-4a434d72,2023,Energy,Gasoline,5.289528210116732,Sulfide,Concentrator,Underground – Stoping – Long-Hole Stoping,Red Chris,,Newmont Corporation,Kinaskan Lake,British Columbia,POINT (-129.78333 57.7),active_facility,,,mining,"Open-pit, concentrator",Base metals,"Gold, copper, silver",Orla Mining Ltd (100%),,2015–open,x,x,https://miningdataonline.com/property/63/Musselwhite-Mine.aspx,https://open.canada.ca/data/en/dataset/000183ed-8864-42f0-ae43-c4313a860720;https://doi.org/10.1038/s41597-024-03116-3
BC-MAIN-8eb8be0d,nan,CMP-4a434d72,2023,Energy,LPG-Propane,223.6302227140078,Sulfide,Concentrator,Underground – Stoping – Long-Hole Stoping,Red Chris,,Newmont Corporation,Kinaskan Lake,British Columbia,POINT (-129.78333 57.7),active_facility,,,mining,"Open-pit, concentrator",Base metals,"Gold, copper, silver",Orla Mining Ltd (100%),,2015–open,x,x,https://miningdataonline.com/property/63/Musselwhite-Mine.aspx,https://open.canada.ca/data/en/dataset/000183ed-8864-42f0-ae43-c4313a860720;https://doi.org/10.1038/s41597-024-03116-3
BC-MAIN-aa76f6f2,nan,CMP-d94be190,2023,Energy,Diesel,59.966643999999995,Sulfide,"Open-pit, underground, concentrator",Underground – Caving – Block Caving,New Afton,,New Gold Inc,Kamloops,British Columbia,POINT (-120.514 50.661),active_facility,,,mining,"Underground, concentrator",Base metals and precious metals,"Gold, copper, silver",New Gold Inc (100%),,2012–open,https://newgold.com/home/default.aspx,https://newgold.com/assets/#new-afton-mine,https://miningdataonline.com/property/11/new-afton-mine.aspx,https://open.canada.ca/data/en/dataset/000183ed-8864-42f0-ae43-c4313a860720;https://doi.org/10.1038/s41597-024-03116-3
BC-MAIN-aa76f6f2,nan,CMP-d94be190,2023,Energy,Electricity,74.51859706362154,Sulfide,"Open-pit, underground, concentrator",Underground – Caving – Block Caving,New Afton,,New Gold Inc,Kamloops,British Columbia,POINT (-120.514 50.661),active_facility,,,mining,"Underground, concentrator",Base metals and precious metals,"Gold, copper, silver",New Gold Inc (100%),,2012–open,https://newgold.com/home/default.aspx,https://newgold.com/assets/#new-afton-mine,https://miningdataonline.com/property/11/new-afton-mine.aspx,https://open.canada.ca/data/en/dataset/000183ed-8864-42f0-ae43-c4313a860720;https://doi.org/10.1038/s41597-024-03116-3
BC-MAIN-aa76f6f2,nan,CMP-d94be190,2023,Energy,Explosives,0.6820228384991843,Sulfide,"Open-pit, underground, concentrator",Underground – Caving – Block Caving,New Afton,,New Gold Inc,Kamloops,British Columbia,POINT (-120.514 50.661),active_facility,,,mining,"Underground, concentrator",Base metals and precious metals,"Gold, copper, silver",New Gold Inc (100%),,2012–open,https://newgold.com/home/default.aspx,https://newgold.com/assets/#new-afton-mine,https://miningdataonline.com/property/11/new-afton-mine.aspx,https://open.canada.ca/data/en/dataset/000183ed-8864-42f0-ae43-c4313a860720;https://doi.org/10.1038/s41597-024-03116-3
BC-MAIN-aa76f6f2,nan,CMP-d94be190,2023,Energy,Gasoline,1.3324989494290376,Sulfide,"Open-pit, underground, concentrator",Underground – Caving – Block Caving,New Afton,,New Gold Inc,Kamloops,British Columbia,POINT (-120.514 50.661),active_facility,,,mining,"Underground, concentrator",Base metals and precious metals,"Gold, copper, silver",New Gold Inc (100%),,2012–open,https://newgold.com/home/default.aspx,https://newgold.com/assets/#new-afton-mine,https://miningdataonline.com/property/11/new-afton-mine.aspx,https://open.canada.ca/data/en/dataset/000183ed-8864-42f0-ae43-c4313a860720;https://doi.org/10.1038/s41597-024-03116-3
BC-MAIN-aa76f6f2,nan,CMP-d94be190,2023,Energy,LPG-Propane,0.25629766721044045,Sulfide,"Open-pit, underground, concentrator",Underground – Caving – Block Caving,New Afton,,New Gold Inc,Kamloops,British Columbia,POINT (-120.514 50.661),active_facility,,,mining,"Underground, concentrator",Base metals and precious metals,"Gold, copper, silver",New Gold Inc (100%),,2012–open,https://newgold.com/home/default.aspx,https://newgold.com/assets/#new-afton-mine,https://miningdataonline.com/property/11/new-afton-mine.aspx,https://open.canada.ca/data/en/dataset/000183ed-8864-42f0-ae43-c4313a860720;https://doi.org/10.1038/s41597-024-03116-3
BC-MAIN-aa76f6f2,nan,CMP-d94be190,2023,Energy,Natural gas,19.314192495921695,Sulfide,"Open-pit, underground, concentrator",Underground – Caving – Block Caving,New Afton,,New Gold Inc,Kamloops,British Columbia,POINT (-120.514 50.661),active_facility,,,mining,"Underground, concentrator",Base metals and precious metals,"Gold, copper, silver",New Gold Inc (100%),,2012–open,https://newgold.com/home/default.aspx,https://newgold.com/assets/#new-afton-mine,https://miningdataonline.com/property/11/new-afton-mine.aspx,https://open.canada.ca/data/en/dataset/000183ed-8864-42f0-ae43-c4313a860720;https://doi.org/10.1038/s41597-024-03116-3
NU-MAIN-8b0264c9,nan,CMP-6265c407,2023,Energy,Diesel,44.84179380338546,Sulfide,"Underground, concentrator","Surface – Truck & Shovel, Underground – Stoping – Long-Hole Stoping",Meliadine,,Agnico Eagle Mines Limited,Rankin Inlet,Nunavut,POINT (-92.220206 63.031529),active_facility,,,mining,"Open-pit, underground, concentrator",Precious metals,Gold,Agnico Eagle Mines Limited (100%),Agnico Eagle Mines Limited,2019–open,https://agnicoeagle.com/Home/default.aspx,https://www.agnicoeagle.com/English/operations/operations/goldex/default.aspx,https://miningdataonline.com/property/44/Goldex-Mine.aspx,https://open.canada.ca/data/en/dataset/000183ed-8864-42f0-ae43-c4313a860720;https://doi.org/10.1038/s41597-024-03116-3
NU-MAIN-8b0264c9,nan,CMP-6265c407,2023,Energy,Electricity,223.1155164839897,Sulfide,"Underground, concentrator","Surface – Truck & Shovel, Underground – Stoping – Long-Hole Stoping",Meliadine,,Agnico Eagle Mines Limited,Rankin Inlet,Nunavut,POINT (-92.220206 63.031529),active_facility,,,mining,"Open-pit, underground, concentrator",Precious metals,Gold,Agnico Eagle Mines Limited (100%),Agnico Eagle Mines Limited,2019–open,https://agnicoeagle.com/Home/default.aspx,https://www.agnicoeagle.com/English/operations/operations/goldex/default.aspx,https://miningdataonline.com/property/44/Goldex-Mine.aspx,https://open.canada.ca/data/en/dataset/000183ed-8864-42f0-ae43-c4313a860720;https://doi.org/10.1038/s41597-024-03116-3
NU-MAIN-8b0264c9,nan,CMP-6265c407,2023,Energy,Explosives,3.8265597786566694,Sulfide,"Underground, concentrator","Surface – Truck & Shovel, Underground – Stoping – Long-Hole Stoping",Meliadine,,Agnico Eagle Mines Limited,Rankin Inlet,Nunavut,POINT (-92.220206 63.031529),active_facility,,,mining,"Open-pit, underground, concentrator",Precious metals,Gold,Agnico Eagle Mines Limited (100%),Agnico Eagle Mines Limited,2019–open,https://agnicoeagle.com/Home/default.aspx,https://www.agnicoeagle.com/English/operations/operations/goldex/default.aspx,https://miningdataonline.com/property/44/Goldex-Mine.aspx,https://open.canada.ca/data/en/dataset/000183ed-8864-42f0-ae43-c4313a860720;https://doi.org/10.1038/s41597-024-03116-3
NU-MAIN-8b0264c9,nan,CMP-6265c407,2023,Energy,Gasoline,0.4665860434371806,Sulfide,"Underground, concentrator","Surface – Truck & Shovel, Underground – Stoping – Long-Hole Stoping",Meliadine,,Agnico Eagle Mines Limited,Rankin Inlet,Nunavut,POINT (-92.220206 63.031529),active_facility,,,mining,"Open-pit, underground, concentrator",Precious metals,Gold,Agnico Eagle Mines Limited (100%),Agnico Eagle Mines Limited,2019–open,https://agnicoeagle.com/Home/default.aspx,https://www.agnicoeagle.com/English/operations/operations/goldex/default.aspx,https://miningdataonline.com/property/44/Goldex-Mine.aspx,https://open.canada.ca/data/en/dataset/000183ed-8864-42f0-ae43-c4313a860720;https://doi.org/10.1038/s41597-024-03116-3
NU-MAIN-8b0264c9,nan,CMP-6265c407,2023,Energy,Natural gas,29.870512895146124,Sulfide,"Underground, concentrator","Surface – Truck & Shovel, Underground – Stoping – Long-Hole Stoping",Meliadine,,Agnico Eagle Mines Limited,Rankin Inlet,Nunavut,POINT (-92.220206 63.031529),active_facility,,,mining,"Open-pit, underground, concentrator",Precious metals,Gold,Agnico Eagle Mines Limited (100%),Agnico Eagle Mines Limited,2019–open,https://agnicoeagle.com/Home/default.aspx,https://www.agnicoeagle.com/English/operations/operations/goldex/default.aspx,https://miningdataonline.com/property/44/Goldex-Mine.aspx,https://open.canada.ca/data/en/dataset/000183ed-8864-42f0-ae43-c4313a860720;https://doi.org/10.1038/s41597-024-03116-3
ON-MAIN-0aadf28f,nan,CMP-d94be190,2023,Energy,Diesel,186.64948897717937,Sulfide,"Underground, concentrator","Surface – Truck & Shovel, Underground – Stoping – Long-Hole Stoping",Rainy River,,New Gold Inc,Fort Frances,Ontario,POINT (-94.012 48.833),active_facility,,,mining,"Open-pit, underground, concentrator",Precious metals,"Gold, silver",New Gold Inc (100%),,2017–open,https://newgold.com/home/default.aspx,https://newgold.com/assets/#rainy-river-mine,https://miningdataonline.com/property/69/Rainy-River-Mine.aspx,https://open.canada.ca/data/en/dataset/000183ed-8864-42f0-ae43-c4313a860720;https://doi.org/10.1038/s41597-024-03116-3
ON-MAIN-0aadf28f,nan,CMP-d94be190,2023,Energy,Electricity,333.09242355089003,Sulfide,"Underground, concentrator","Surface – Truck & Shovel, Underground – Stoping – Long-Hole Stoping",Rainy River,,New Gold Inc,Fort Frances,Ontario,POINT (-94.012 48.833),active_facility,,,mining,"Open-pit, underground, concentrator",Precious metals,"Gold, silver",New Gold Inc (100%),,2017–open,https://newgold.com/home/default.aspx,https://newgold.com/assets/#rainy-river-mine,https://miningdataonline.com/property/69/Rainy-River-Mine.aspx,https://open.canada.ca/data/en/dataset/000183ed-8864-42f0-ae43-c4313a860720;https://doi.org/10.1038/s41597-024-03116-3
ON-MAIN-0aadf28f,nan,CMP-d94be190,2023,Energy,Explosives,6.757474669100867,Sulfide,"Underground, concentrator","Surface – Truck & Shovel, Underground – Stoping – Long-Hole Stoping",Rainy River,,New Gold Inc,Fort Frances,Ontario,POINT (-94.012 48.833),active_facility,,,mining,"Open-pit, underground, concentrator",Precious metals,"Gold, silver",New Gold Inc (100%),,2017–open,https://newgold.com/home/default.aspx,https://newgold.com/assets/#rainy-river-mine,https://miningdataonline.com/property/69/Rainy-River-Mine.aspx,https://open.canada.ca/data/en/dataset/000183ed-8864-42f0-ae43-c4313a860720;https://doi.org/10.1038/s41597-024-03116-3
ON-MAIN-0aadf28f,nan,CMP-d94be190,2023,Energy,Gasoline,4.476711709265177,Sulfide,"Underground, concentrator","Surface – Truck & Shovel, Underground – Stoping – Long-Hole Stoping",Rainy River,,New Gold Inc,Fort Frances,Ontario,POINT (-94.012 48.833),active_facility,,,mining,"Open-pit, underground, concentrator",Precious metals,"Gold, silver",New Gold Inc (100%),,2017–open,https://newgold.com/home/default.aspx,https://newgold.com/assets/#rainy-river-mine,https://miningdataonline.com/property/69/Rainy-River-Mine.aspx,https://open.canada.ca/data/en/dataset/000183ed-8864-42f0-ae43-c4313a860720;https://doi.org/10.1038/s41597-024-03116-3
ON-MAIN-0aadf28f,nan,CMP-d94be190,2023,Energy,LPG-Propane,10.656406564240074,Sulfide,"Underground, concentrator","Surface – Truck & Shovel, Underground – Stoping – Long-Hole Stoping",Rainy River,,New Gold Inc,Fort Frances,Ontario,POINT (-94.012 48.833),active_facility,,,mining,"Open-pit, underground, concentrator",Precious metals,"Gold, silver",New Gold Inc (100%),,2017–open,https://newgold.com/home/default.aspx,https://newgold.com/assets/#rainy-river-mine,https://miningdataonline.com/property/69/Rainy-River-Mine.aspx,https://open.canada.ca/data/en/dataset/000183ed-8864-42f0-ae43-c4313a860720;https://doi.org/10.1038/s41597-024-03116-3
ON-MAIN-538513cd,nan,CMP-4a434d72,2023,Energy,Aviation fuel,13.04160077062011,,"Underground, concentrator",Underground – Stoping – Long-Hole Stoping,,,,,,,,,,,,,,,,,,,,
ON-MAIN-538513cd,nan,CMP-4a434d72,2023,Energy,Diesel,231.98542889825404,,"Underground, concentrator",Underground – Stoping – Long-Hole Stoping,,,,,,,,,,,,,,,,,,,,
ON-MAIN-538513cd,nan,CMP-4a434d72,2023,Energy,Electricity,539.2902210957255,,"Underground, concentrator",Underground – Stoping – Long-Hole Stoping,,,,,,,,,,,,,,,,,,,,
ON-MAIN-538513cd,nan,CMP-4a434d72,2023,Energy,Gasoline,6.031377423239012,,"Underground, concentrator",Underground – Stoping – Long-Hole Stoping,,,,,,,,,,,,,,,,,,,,
ON-MAIN-538513cd,nan,CMP-4a434d72,2023,Energy,LPG-Propane,85.72737757375076,,"Underground, concentrator",Underground – Stoping – Long-Hole Stoping,,,,,,,,,,,,,,,,,,,,
ON-MAIN-687b8c8d,nan,CMP-3a4ccc7f,2023,Energy,Diesel,48.6788436741999,,"Underground, concentrator",Underground – Stoping – Long-Hole Stoping,Island,,Alamos Gold Inc,Dubreuilville,Ontario,POINT (-84.449604 48.285667),active_facility,,,mining,"Underground, concentrator",Precious metals,Gold,Alamos Gold Inc (100%),Alamos Gold Inc,2007–open,https://alamosgold.com,https://www.alamosgold.com/operations/producing-mines/young-davidson-canada/default.aspx,https://miningdataonline.com/property/1484/young-davidson-mine.aspx,https://open.canada.ca/data/en/dataset/000183ed-8864-42f0-ae43-c4313a860720;https://doi.org/10.1038/s41597-024-03116-3
ON-MAIN-687b8c8d,nan,CMP-3a4ccc7f,2023,Energy,Electricity,333.9844693293751,,"Underground, concentrator",Underground – Stoping – Long-Hole Stoping,Island,,Alamos Gold Inc,Dubreuilville,Ontario,POINT (-84.449604 48.285667),active_facility,,,mining,"Underground, concentrator",Precious metals,Gold,Alamos Gold Inc (100%),Alamos Gold Inc,2007–open,https://alamosgold.com,https://www.alamosgold.com/operations/producing-mines/young-davidson-canada/default.aspx,https://miningdataonline.com/property/1484/young-davidson-mine.aspx,https://open.canada.ca/data/en/dataset/000183ed-8864-42f0-ae43-c4313a860720;https://doi.org/10.1038/s41597-024-03116-3
ON-MAIN-687b8c8d,nan,CMP-3a4ccc7f,2023,Energy,Gasoline,0.7380004565596044,,"Underground, concentrator",Underground – Stoping – Long-Hole Stoping,Island,,Alamos Gold Inc,Dubreuilville,Ontario,POINT (-84.449604 48.285667),active_facility,,,mining,"Underground, concentrator",Precious metals,Gold,Alamos Gold Inc (100%),Alamos Gold Inc,2007–open,https://alamosgold.com,https://www.alamosgold.com/operations/producing-mines/young-davidson-canada/default.aspx,https://miningdataonline.com/property/1484/young-davidson-mine.aspx,https://open.canada.ca/data/en/dataset/000183ed-8864-42f0-ae43-c4313a860720;https://doi.org/10.1038/s41597-024-03116-3
ON-MAIN-687b8c8d,nan,CMP-3a4ccc7f,2023,Energy,Naphtha,2.2042725501008147,,"Underground, concentrator",Underground – Stoping – Long-Hole Stoping,Island,,Alamos Gold Inc,Dubreuilville,Ontario,POINT (-84.449604 48.285667),active_facility,,,mining,"Underground, concentrator",Precious metals,Gold,Alamos Gold Inc (100%),Alamos Gold Inc,2007–open,https://alamosgold.com,https://www.alamosgold.com/operations/producing-mines/young-davidson-canada/default.aspx,https://miningdataonline.com/property/1484/young-davidson-mine.aspx,https://open.canada.ca/data/en/dataset/000183ed-8864-42f0-ae43-c4313a860720;https://doi.org/10.1038/s41597-024-03116-3
ON-MAIN-687b8c8d,nan,CMP-3a4ccc7f,2023,Energy,Natural gas,77.00082729712197,,"Underground, concentrator",Underground – Stoping – Long-Hole Stoping,Island,,Alamos Gold Inc,Dubreuilville,Ontario,POINT (-84.449604 48.285667),active_facility,,,mining,"Underground, concentrator",Precious metals,Gold,Alamos Gold Inc (100%),Alamos Gold Inc,2007–open,https://alamosgold.com,https://www.alamosgold.com/operations/producing-mines/young-davidson-canada/default.aspx,https://miningdataonline.com/property/1484/young-davidson-mine.aspx,https://open.canada.ca/data/en/dataset/000183ed-8864-42f0-ae43-c4313a860720;https://doi.org/10.1038/s41597-024-03116-3
ON-MAIN-6e9be24e,nan,CMP-79bcdb91,2023,Energy,Diesel,237.75502385844018,Sulfide,"Open-pit, underground, concentrator",Underground – Stoping – Long-Hole Stoping,Hemlo (Williams),,Baffinland Iron Mines Corporation,Marathon,Ontario,POINT (-85.91598 48.695726),active_facility,,,mining,"Open-pit, underground, concentrator",Precious metals,Gold,Barrick Gold Corporation (100%),Barrick Gold Corporation,1985–open,https://www.barrick.com/English/home/default.aspx,https://www.barrick.com/English/operations/hemlo/default.aspx,"https://miningdataonline.com/property/49/Hemlo-Williams,-David-Bell-Mine.aspx",https://open.canada.ca/data/en/dataset/000183ed-8864-42f0-ae43-c4313a860720;https://doi.org/10.1038/s41597-024-03116-3
ON-MAIN-6e9be24e,nan,CMP-79bcdb91,2023,Energy,Electricity,488.938072320181,Sulfide,"Open-pit, underground, concentrator",Underground – Stoping – Long-Hole Stoping,Hemlo (Williams),,Baffinland Iron Mines Corporation,Marathon,Ontario,POINT (-85.91598 48.695726),active_facility,,,mining,"Open-pit, underground, concentrator",Precious metals,Gold,Barrick Gold Corporation (100%),Barrick Gold Corporation,1985–open,https://www.barrick.com/English/home/default.aspx,https://www.barrick.com/English/operations/hemlo/default.aspx,"https://miningdataonline.com/property/49/Hemlo-Williams,-David-Bell-Mine.aspx",https://open.canada.ca/data/en/dataset/000183ed-8864-42f0-ae43-c4313a860720;https://doi.org/10.1038/s41597-024-03116-3
ON-MAIN-7607a50e,nan,CMP-3a4ccc7f,2023,Energy,Diesel,481.33063634375685,Sulfide,"Underground, concentrator",Underground – Stoping – Long-Hole Stoping,Young-Davidson,,Alamos Gold Inc,Matachewan,Ontario,POINT (-80.67444 47.94667),active_facility,,,mining,"Underground, concentrator",Precious metals,Gold,Alamos Gold Inc (100%),Alamos Gold Inc,1917–1957; 2010–open,https://alamosgold.com,https://www.alamosgold.com/operations/producing-mines/island-gold-canada/default.aspx,https://miningdataonline.com/property/7/Island-Gold-Mine.aspx,https://open.canada.ca/data/en/dataset/000183ed-8864-42f0-ae43-c4313a860720;https://doi.org/10.1038/s41597-024-03116-3
ON-MAIN-7607a50e,nan,CMP-3a4ccc7f,2023,Energy,Electricity,762.8471462934616,Sulfide,"Underground, concentrator",Underground – Stoping – Long-Hole Stoping,Young-Davidson,,Alamos Gold Inc,Matachewan,Ontario,POINT (-80.67444 47.94667),active_facility,,,mining,"Underground, concentrator",Precious metals,Gold,Alamos Gold Inc (100%),Alamos Gold Inc,1917–1957; 2010–open,https://alamosgold.com,https://www.alamosgold.com/operations/producing-mines/island-gold-canada/default.aspx,https://miningdataonline.com/property/7/Island-Gold-Mine.aspx,https://open.canada.ca/data/en/dataset/000183ed-8864-42f0-ae43-c4313a860720;https://doi.org/10.1038/s41597-024-03116-3
ON-MAIN-7607a50e,nan,CMP-3a4ccc7f,2023,Energy,Gasoline,32.81489175595889,Sulfide,"Underground, concentrator",Underground – Stoping – Long-Hole Stoping,Young-Davidson,,Alamos Gold Inc,Matachewan,Ontario,POINT (-80.67444 47.94667),active_facility,,,mining,"Underground, concentrator",Precious metals,Gold,Alamos Gold Inc (100%),Alamos Gold Inc,1917–1957; 2010–open,https://alamosgold.com,https://www.alamosgold.com/operations/producing-mines/island-gold-canada/default.aspx,https://miningdataonline.com/property/7/Island-Gold-Mine.aspx,https://open.canada.ca/data/en/dataset/000183ed-8864-42f0-ae43-c4313a860720;https://doi.org/10.1038/s41597-024-03116-3
ON-MAIN-7607a50e,nan,CMP-3a4ccc7f,2023,Energy,LPG-Propane,164.03117938625263,Sulfide,"Underground, concentrator",Underground – Stoping – Long-Hole Stoping,Young-Davidson,,Alamos Gold Inc,Matachewan,Ontario,POINT (-80.67444 47.94667),active_facility,,,mining,"Underground, concentrator",Precious metals,Gold,Alamos Gold Inc (100%),Alamos Gold Inc,1917–1957; 2010–open,https://alamosgold.com,https://www.alamosgold.com/operations/producing-mines/island-gold-canada/default.aspx,https://miningdataonline.com/property/7/Island-Gold-Mine.aspx,https://open.canada.ca/data/en/dataset/000183ed-8864-42f0-ae43-c4313a860720;https://doi.org/10.1038/s41597-024-03116-3
ON-MAIN-7f050560,nan,CMP-ca642bce,2024,Energy,Diesel,143.04287024970273,Sulfide,"Underground, concentrator",Underground – Stoping – Long-Hole Stoping,Red Lake,,Evolution Mining Ltd,Balmertown,Ontario,POINT (-93.732922 51.050557),active_facility,,,mining,"Underground, concentrator",Precious metals,"Gold, silver",Eldora Gold (100%),Eldorado Gold,1949–open,https://evolutionmining.com.au/,https://evolutionmining.com.au/red-lake/,https://miningdataonline.com/property/234/Red-Lake-Operation.aspx,https://open.canada.ca/data/en/dataset/000183ed-8864-42f0-ae43-c4313a860720;https://doi.org/10.1038/s41597-024-03116-3
ON-MAIN-7f050560,nan,CMP-ca642bce,2024,Energy,Electricity,1062.8717237700357,Sulfide,"Underground, concentrator",Underground – Stoping – Long-Hole Stoping,Red Lake,,Evolution Mining Ltd,Balmertown,Ontario,POINT (-93.732922 51.050557),active_facility,,,mining,"Underground, concentrator",Precious metals,"Gold, silver",Eldora Gold (100%),Eldorado Gold,1949–open,https://evolutionmining.com.au/,https://evolutionmining.com.au/red-lake/,https://miningdataonline.com/property/234/Red-Lake-Operation.aspx,https://open.canada.ca/data/en/dataset/000183ed-8864-42f0-ae43-c4313a860720;https://doi.org/10.1038/s41597-024-03116-3
ON-MAIN-7f050560,nan,CMP-ca642bce,2024,Energy,Gasoline,6.166227467300833,Sulfide,"Underground, concentrator",Underground – Stoping – Long-Hole Stoping,Red Lake,,Evolution Mining Ltd,Balmertown,Ontario,POINT (-93.732922 51.050557),active_facility,,,mining,"Underground, concentrator",Precious metals,"Gold, silver",Eldora Gold (100%),Eldorado Gold,1949–open,https://evolutionmining.com.au/,https://evolutionmining.com.au/red-lake/,https://miningdataonline.com/property/234/Red-Lake-Operation.aspx,https://open.canada.ca/data/en/dataset/000183ed-8864-42f0-ae43-c4313a860720;https://doi.org/10.1038/s41597-024-03116-3
ON-MAIN-7f050560,nan,CMP-ca642bce,2024,Energy,LPG-Propane,19.273660332936952,Sulfide,"Underground, concentrator",Underground – Stoping – Long-Hole Stoping,Red Lake,,Evolution Mining Ltd,Balmertown,Ontario,POINT (-93.732922 51.050557),active_facility,,,mining,"Underground, concentrator",Precious metals,"Gold, silver",Eldora Gold (100%),Eldorado Gold,1949–open,https://evolutionmining.com.au/,https://evolutionmining.com.au/red-lake/,https://miningdataonline.com/property/234/Red-Lake-Operation.aspx,https://open.canada.ca/data/en/dataset/000183ed-8864-42f0-ae43-c4313a860720;https://doi.org/10.1038/s41597-024-03116-3
ON-MAIN-7f050560,nan,CMP-ca642bce,2024,Energy,Natural gas,365.31866825208084,Sulfide,"Underground, concentrator",Underground – Stoping – Long-Hole Stoping,Red Lake,,Evolution Mining Ltd,Balmertown,Ontario,POINT (-93.732922 51.050557),active_facility,,,mining,"Underground, concentrator",Precious metals,"Gold, silver",Eldora Gold (100%),Eldorado Gold,1949–open,https://evolutionmining.com.au/,https://evolutionmining.com.au/red-lake/,https://miningdataonline.com/property/234/Red-Lake-Operation.aspx,https://open.canada.ca/data/en/dataset/000183ed-8864-42f0-ae43-c4313a860720;https://doi.org/10.1038/s41597-024-03116-3
ON-MAIN-a3c56a83,nan,CMP-967076a1,2023,Energy,Diesel,52.16348555815769,Sulfide,"Open-pit, underground, concentrator","Surface – Truck & Shovel, Underground – Stoping – Long-Hole Stoping",Lac des Iles,,Impala Canada Ltd,Thunder Bay,Ontario,POINT (-89.6105 49.1691),active_facility,,,mining,"Open-pit, underground, concentrator",Precious metals,"Platinum group metals, gold, nickel, copper, cobalt",Implats (100%),Impala Canada Ltd,1993–2008; 2010–open,https://www.nap.com/home/default.aspx,https://www.nap.com/operations/default.aspx#operations,https://miningdataonline.com/property/55/Lac-des-Iles-Mine.aspx,https://open.canada.ca/data/en/dataset/000183ed-8864-42f0-ae43-c4313a860720;https://doi.org/10.1038/s41597-024-03116-3
ON-MAIN-a3c56a83,nan,CMP-967076a1,2023,Energy,Electricity,114.51990632318501,Sulfide,"Open-pit, underground, concentrator","Surface – Truck & Shovel, Underground – Stoping – Long-Hole Stoping",Lac des Iles,,Impala Canada Ltd,Thunder Bay,Ontario,POINT (-89.6105 49.1691),active_facility,,,mining,"Open-pit, underground, concentrator",Precious metals,"Platinum group metals, gold, nickel, copper, cobalt",Implats (100%),Impala Canada Ltd,1993–2008; 2010–open,https://www.nap.com/home/default.aspx,https://www.nap.com/operations/default.aspx#operations,https://miningdataonline.com/property/55/Lac-des-Iles-Mine.aspx,https://open.canada.ca/data/en/dataset/000183ed-8864-42f0-ae43-c4313a860720;https://doi.org/10.1038/s41597-024-03116-3
ON-MAIN-a3c56a83,nan,CMP-967076a1,2023,Energy,Gasoline,1.408313817330211,Sulfide,"Open-pit, underground, concentrator","Surface – Truck & Shovel, Underground – Stoping – Long-Hole Stoping",Lac des Iles,,Impala Canada Ltd,Thunder Bay,Ontario,POINT (-89.6105 49.1691),active_facility,,,mining,"Open-pit, underground, concentrator",Precious metals,"Platinum group metals, gold, nickel, copper, cobalt",Implats (100%),Impala Canada Ltd,1993–2008; 2010–open,https://www.nap.com/home/default.aspx,https://www.nap.com/operations/default.aspx#operations,https://miningdataonline.com/property/55/Lac-des-Iles-Mine.aspx,https://open.canada.ca/data/en/dataset/000183ed-8864-42f0-ae43-c4313a860720;https://doi.org/10.1038/s41597-024-03116-3
ON-MAIN-aeafbb59,nan,CMP-6265c407,2023,Energy,Diesel,76.43676814632718,,"Underground, concentrator",,Detour Lake,,Agnico Eagle Mines Limited,Northeast of Cochrane,Ontario,POINT (-79.717631 50.018143),active_facility,,,mining,"Open-pit, concentrator",Precious metals,Gold,Agnico Eagle Mines Limited (100%),Agnico Eagle Mines Limited,1983–open,https://agnicoeagle.com/Home/default.aspx,https://www.agnicoeagle.com/English/operations/operations/meliadine/default.aspx,https://miningdataonline.com/property/959/Meliadine-Mine.aspx,https://open.canada.ca/data/en/dataset/000183ed-8864-42f0-ae43-c4313a860720;https://doi.org/10.1038/s41597-024-03116-3
ON-MAIN-aeafbb59,nan,CMP-6265c407,2023,Energy,Electricity,37.567012804269666,,"Underground, concentrator",,Detour Lake,,Agnico Eagle Mines Limited,Northeast of Cochrane,Ontario,POINT (-79.717631 50.018143),active_facility,,,mining,"Open-pit, concentrator",Precious metals,Gold,Agnico Eagle Mines Limited (100%),Agnico Eagle Mines Limited,1983–open,https://agnicoeagle.com/Home/default.aspx,https://www.agnicoeagle.com/English/operations/operations/meliadine/default.aspx,https://miningdataonline.com/property/959/Meliadine-Mine.aspx,https://open.canada.ca/data/en/dataset/000183ed-8864-42f0-ae43-c4313a860720;https://doi.org/10.1038/s41597-024-03116-3
ON-MAIN-aeafbb59,nan,CMP-6265c407,2023,Energy,Explosives,0.715474928851905,,"Underground, concentrator",,Detour Lake,,Agnico Eagle Mines Limited,Northeast of Cochrane,Ontario,POINT (-79.717631 50.018143),active_facility,,,mining,"Open-pit, concentrator",Precious metals,Gold,Agnico Eagle Mines Limited (100%),Agnico Eagle Mines Limited,1983–open,https://agnicoeagle.com/Home/default.aspx,https://www.agnicoeagle.com/English/operations/operations/meliadine/default.aspx,https://miningdataonline.com/property/959/Meliadine-Mine.aspx,https://open.canada.ca/data/en/dataset/000183ed-8864-42f0-ae43-c4313a860720;https://doi.org/10.1038/s41597-024-03116-3
ON-MAIN-aeafbb59,nan,CMP-6265c407,2023,Energy,Gasoline,0.2079823262790734,,"Underground, concentrator",,Detour Lake,,Agnico Eagle Mines Limited,Northeast of Cochrane,Ontario,POINT (-79.717631 50.018143),active_facility,,,mining,"Open-pit, concentrator",Precious metals,Gold,Agnico Eagle Mines Limited (100%),Agnico Eagle Mines Limited,1983–open,https://agnicoeagle.com/Home/default.aspx,https://www.agnicoeagle.com/English/operations/operations/meliadine/default.aspx,https://miningdataonline.com/property/959/Meliadine-Mine.aspx,https://open.canada.ca/data/en/dataset/000183ed-8864-42f0-ae43-c4313a860720;https://doi.org/10.1038/s41597-024-03116-3
ON-MAIN-c5fefb01,nan,CMP-3d2c4955,2023,Energy,Diesel,239.9020654152803,Sulfide,"Open-pit, concentrator",Underground – Stoping – Long-Hole Stoping,Mishi,,Wesdome Gold Mines Ltd,Wawa,Ontario,POINT (-85.4525 48.11028),active_facility,,,mining,Open-pit,Precious metals,Gold,Wesdome Gold Mines Ltd (100%),,2002–open,https://www.wesdome.com/English/overview/default.aspx,https://www.wesdome.com/English/operations/kiena/default.aspx,https://miningdataonline.com/property/3048/Kiena-Mine.aspx,https://open.canada.ca/data/en/dataset/000183ed-8864-42f0-ae43-c4313a860720;https://doi.org/10.1038/s41597-024-03116-3
ON-MAIN-c5fefb01,nan,CMP-3d2c4955,2023,Energy,Electricity,804.9092849519743,Sulfide,"Open-pit, concentrator",Underground – Stoping – Long-Hole Stoping,Mishi,,Wesdome Gold Mines Ltd,Wawa,Ontario,POINT (-85.4525 48.11028),active_facility,,,mining,Open-pit,Precious metals,Gold,Wesdome Gold Mines Ltd (100%),,2002–open,https://www.wesdome.com/English/overview/default.aspx,https://www.wesdome.com/English/operations/kiena/default.aspx,https://miningdataonline.com/property/3048/Kiena-Mine.aspx,https://open.canada.ca/data/en/dataset/000183ed-8864-42f0-ae43-c4313a860720;https://doi.org/10.1038/s41597-024-03116-3
ON-MAIN-c5fefb01,nan,CMP-3d2c4955,2023,Energy,Explosives,10.588653817983971,Sulfide,"Open-pit, concentrator",Underground – Stoping – Long-Hole Stoping,Mishi,,Wesdome Gold Mines Ltd,Wawa,Ontario,POINT (-85.4525 48.11028),active_facility,,,mining,Open-pit,Precious metals,Gold,Wesdome Gold Mines Ltd (100%),,2002–open,https://www.wesdome.com/English/overview/default.aspx,https://www.wesdome.com/English/operations/kiena/default.aspx,https://miningdataonline.com/property/3048/Kiena-Mine.aspx,https://open.canada.ca/data/en/dataset/000183ed-8864-42f0-ae43-c4313a860720;https://doi.org/10.1038/s41597-024-03116-3
ON-MAIN-c5fefb01,nan,CMP-3d2c4955,2023,Energy,Gasoline,6.441082302718312,Sulfide,"Open-pit, concentrator",Underground – Stoping – Long-Hole Stoping,Mishi,,Wesdome Gold Mines Ltd,Wawa,Ontario,POINT (-85.4525 48.11028),active_facility,,,mining,Open-pit,Precious metals,Gold,Wesdome Gold Mines Ltd (100%),,2002–open,https://www.wesdome.com/English/overview/default.aspx,https://www.wesdome.com/English/operations/kiena/default.aspx,https://miningdataonline.com/property/3048/Kiena-Mine.aspx,https://open.canada.ca/data/en/dataset/000183ed-8864-42f0-ae43-c4313a860720;https://doi.org/10.1038/s41597-024-03116-3
ON-MAIN-c5fefb01,nan,CMP-3d2c4955,2023,Energy,Natural gas,179.8606315525143,Sulfide,"Open-pit, concentrator",Underground – Stoping – Long-Hole Stoping,Mishi,,Wesdome Gold Mines Ltd,Wawa,Ontario,POINT (-85.4525 48.11028),active_facility,,,mining,Open-pit,Precious metals,Gold,Wesdome Gold Mines Ltd (100%),,2002–open,https://www.wesdome.com/English/overview/default.aspx,https://www.wesdome.com/English/operations/kiena/default.aspx,https://miningdataonline.com/property/3048/Kiena-Mine.aspx,https://open.canada.ca/data/en/dataset/000183ed-8864-42f0-ae43-c4313a860720;https://doi.org/10.1038/s41597-024-03116-3
ON-MAIN-fefeaee4,nan,CMP-4a434d72,2023,Energy,Aviation fuel,437.80789632289157,Oxide or Sulfide,"Underground, concentrator",Underground – Stoping – Long-Hole Stoping,Musselwhite,,Newmont Corporation,north of Pickle Lake,Ontario,POINT (-90.3636 52.6127),active_facility,,,mining,"Underground, concentrator",Precious metals,"Gold, silver",Newmount Corporation (100%),,1997–open,https://www.newmont.com/home/default.aspx,,https://miningdataonline.com/property/72/Brucejack-Mine.aspx,https://open.canada.ca/data/en/dataset/000183ed-8864-42f0-ae43-c4313a860720;https://doi.org/10.1038/s41597-024-03116-3
ON-MAIN-fefeaee4,nan,CMP-4a434d72,2023,Energy,Diesel,1729.1713688647112,Oxide or Sulfide,"Underground, concentrator",Underground – Stoping – Long-Hole Stoping,Musselwhite,,Newmont Corporation,north of Pickle Lake,Ontario,POINT (-90.3636 52.6127),active_facility,,,mining,"Underground, concentrator",Precious metals,"Gold, silver",Newmount Corporation (100%),,1997–open,https://www.newmont.com/home/default.aspx,,https://miningdataonline.com/property/72/Brucejack-Mine.aspx,https://open.canada.ca/data/en/dataset/000183ed-8864-42f0-ae43-c4313a860720;https://doi.org/10.1038/s41597-024-03116-3
ON-MAIN-fefeaee4,nan,CMP-4a434d72,2023,Energy,Electricity,3947.197001178313,Oxide or Sulfide,"Underground, concentrator",Underground – Stoping – Long-Hole Stoping,Musselwhite,,Newmont Corporation,north of Pickle Lake,Ontario,POINT (-90.3636 52.6127),active_facility,,,mining,"Underground, concentrator",Precious metals,"Gold, silver",Newmount Corporation (100%),,1997–open,https://www.newmont.com/home/default.aspx,,https://miningdataonline.com/property/72/Brucejack-Mine.aspx,https://open.canada.ca/data/en/dataset/000183ed-8864-42f0-ae43-c4313a860720;https://doi.org/10.1038/s41597-024-03116-3
ON-MAIN-fefeaee4,nan,CMP-4a434d72,2023,Energy,Gasoline,81.73765060240964,Oxide or Sulfide,"Underground, concentrator",Underground – Stoping – Long-Hole Stoping,Musselwhite,,Newmont Corporation,north of Pickle Lake,Ontario,POINT (-90.3636 52.6127),active_facility,,,mining,"Underground, concentrator",Precious metals,"Gold, silver",Newmount Corporation (100%),,1997–open,https://www.newmont.com/home/default.aspx,,https://miningdataonline.com/property/72/Brucejack-Mine.aspx,https://open.canada.ca/data/en/dataset/000183ed-8864-42f0-ae43-c4313a860720;https://doi.org/10.1038/s41597-024-03116-3
ON-MAIN-fefeaee4,nan,CMP-4a434d72,2023,Energy,LPG-Propane,253.55130693161445,Oxide or Sulfide,"Underground, concentrator",Underground – Stoping – Long-Hole Stoping,Musselwhite,,Newmont Corporation,north of Pickle Lake,Ontario,POINT (-90.3636 52.6127),active_facility,,,mining,"Underground, concentrator",Precious metals,"Gold, silver",Newmount Corporation (100%),,1997–open,https://www.newmont.com/home/default.aspx,,https://miningdataonline.com/property/72/Brucejack-Mine.aspx,https://open.canada.ca/data/en/dataset/000183ed-8864-42f0-ae43-c4313a860720;https://doi.org/10.1038/s41597-024-03116-3
ON-MAIN-fefeaee4,nan,CMP-4a434d72,2023,Energy,Other,14.12062891566265,Oxide or Sulfide,"Underground, concentrator",Underground – Stoping – Long-Hole Stoping,Musselwhite,,Newmont Corporation,north of Pickle Lake,Ontario,POINT (-90.3636 52.6127),active_facility,,,mining,"Underground, concentrator",Precious metals,"Gold, silver",Newmount Corporation (100%),,1997–open,https://www.newmont.com/home/default.aspx,,https://miningdataonline.com/property/72/Brucejack-Mine.aspx,https://open.canada.ca/data/en/dataset/000183ed-8864-42f0-ae43-c4313a860720;https://doi.org/10.1038/s41597-024-03116-3
QC-MAIN-02884fb5,nan,CMP-3d0a95b7,2023,Energy,Diesel,200.14119922630562,Sulfide,"Underground, concentrator","Surface – Truck & Shovel, Underground – Stoping – Long-Hole Stoping",Westwood-Doyon,,IAMGOLD Corporation,Cadillac,Quebec,POINT (-78.502 48.256),active_facility,,,mining,"Underground, concentrator",Precious metals,"Gold, silver",IAMGOLD Corporation (100%),IAMGOLD Corporation,2014–open,https://www.iamgold.com/English/home/default.aspx,https://www.iamgold.com/English/operations/westwood/default.aspx,https://miningdataonline.com/property/77/Westwood-Operation.aspx,https://open.canada.ca/data/en/dataset/000183ed-8864-42f0-ae43-c4313a860720;https://doi.org/10.1038/s41597-024-03116-3
QC-MAIN-02884fb5,nan,CMP-3d0a95b7,2023,Energy,Electricity,508.65251450676976,Sulfide,"Underground, concentrator","Surface – Truck & Shovel, Underground – Stoping – Long-Hole Stoping",Westwood-Doyon,,IAMGOLD Corporation,Cadillac,Quebec,POINT (-78.502 48.256),active_facility,,,mining,"Underground, concentrator",Precious metals,"Gold, silver",IAMGOLD Corporation (100%),IAMGOLD Corporation,2014–open,https://www.iamgold.com/English/home/default.aspx,https://www.iamgold.com/English/operations/westwood/default.aspx,https://miningdataonline.com/property/77/Westwood-Operation.aspx,https://open.canada.ca/data/en/dataset/000183ed-8864-42f0-ae43-c4313a860720;https://doi.org/10.1038/s41597-024-03116-3
QC-MAIN-02884fb5,nan,CMP-3d0a95b7,2023,Energy,Explosives,11.339555125725337,Sulfide,"Underground, concentrator","Surface – Truck & Shovel, Underground – Stoping – Long-Hole Stoping",Westwood-Doyon,,IAMGOLD Corporation,Cadillac,Quebec,POINT (-78.502 48.256),active_facility,,,mining,"Underground, concentrator",Precious metals,"Gold, silver",IAMGOLD Corporation (100%),IAMGOLD Corporation,2014–open,https://www.iamgold.com/English/home/default.aspx,https://www.iamgold.com/English/operations/westwood/default.aspx,https://miningdataonline.com/property/77/Westwood-Operation.aspx,https://open.canada.ca/data/en/dataset/000183ed-8864-42f0-ae43-c4313a860720;https://doi.org/10.1038/s41597-024-03116-3
QC-MAIN-02884fb5,nan,CMP-3d0a95b7,2023,Energy,Gasoline,3.2406189555125726,Sulfide,"Underground, concentrator","Surface – Truck & Shovel, Underground – Stoping – Long-Hole Stoping",Westwood-Doyon,,IAMGOLD Corporation,Cadillac,Quebec,POINT (-78.502 48.256),active_facility,,,mining,"Underground, concentrator",Precious metals,"Gold, silver",IAMGOLD Corporation (100%),IAMGOLD Corporation,2014–open,https://www.iamgold.com/English/home/default.aspx,https://www.iamgold.com/English/operations/westwood/default.aspx,https://miningdataonline.com/property/77/Westwood-Operation.aspx,https://open.canada.ca/data/en/dataset/000183ed-8864-42f0-ae43-c4313a860720;https://doi.org/10.1038/s41597-024-03116-3
QC-MAIN-02884fb5,nan,CMP-3d0a95b7,2023,Energy,LPG-Propane,0.031914893617021274,Sulfide,"Underground, concentrator","Surface – Truck & Shovel, Underground – Stoping – Long-Hole Stoping",Westwood-Doyon,,IAMGOLD Corporation,Cadillac,Quebec,POINT (-78.502 48.256),active_facility,,,mining,"Underground, concentrator",Precious metals,"Gold, silver",IAMGOLD Corporation (100%),IAMGOLD Corporation,2014–open,https://www.iamgold.com/English/home/default.aspx,https://www.iamgold.com/English/operations/westwood/default.aspx,https://miningdataonline.com/property/77/Westwood-Operation.aspx,https://open.canada.ca/data/en/dataset/000183ed-8864-42f0-ae43-c4313a860720;https://doi.org/10.1038/s41597-024-03116-3
QC-MAIN-02884fb5,nan,CMP-3d0a95b7,2023,Energy,Natural gas,61.85522243713733,Sulfide,"Underground, concentrator","Surface – Truck & Shovel, Underground – Stoping – Long-Hole Stoping",Westwood-Doyon,,IAMGOLD Corporation,Cadillac,Quebec,POINT (-78.502 48.256),active_facility,,,mining,"Underground, concentrator",Precious metals,"Gold, silver",IAMGOLD Corporation (100%),IAMGOLD Corporation,2014–open,https://www.iamgold.com/English/home/default.aspx,https://www.iamgold.com/English/operations/westwood/default.aspx,https://miningdataonline.com/property/77/Westwood-Operation.aspx,https://open.canada.ca/data/en/dataset/000183ed-8864-42f0-ae43-c4313a860720;https://doi.org/10.1038/s41597-024-03116-3
QC-MAIN-9de9bb0d,nan,CMP-3d2c4955,2023,Energy,Diesel,490.50384724224824,Sulfide,"Underground, concentrator",Underground – Stoping – Long-Hole Stoping,Kiena,,Wesdome Gold Mines Ltd,Val-d’Or,Quebec,POINT (-77.91 48.12),active_facility,,,mining,"Open-pit, concentrator",Precious metals,Gold,Wesdome Gold Mines Ltd (100%),,1936–1996; 2005–2013; 2021–open,https://www.wesdome.com/English/overview/default.aspx,https://www.wesdome.com/English/operations/eagle-river/default.aspx,https://miningdataonline.com/property/1254/Eagle-River-Complex.aspx,https://open.canada.ca/data/en/dataset/000183ed-8864-42f0-ae43-c4313a860720;https://doi.org/10.1038/s41597-024-03116-3
QC-MAIN-9de9bb0d,nan,CMP-3d2c4955,2023,Energy,Electricity,1176.3424921505477,Sulfide,"Underground, concentrator",Underground – Stoping – Long-Hole Stoping,Kiena,,Wesdome Gold Mines Ltd,Val-d’Or,Quebec,POINT (-77.91 48.12),active_facility,,,mining,"Open-pit, concentrator",Precious metals,Gold,Wesdome Gold Mines Ltd (100%),,1936–1996; 2005–2013; 2021–open,https://www.wesdome.com/English/overview/default.aspx,https://www.wesdome.com/English/operations/eagle-river/default.aspx,https://miningdataonline.com/property/1254/Eagle-River-Complex.aspx,https://open.canada.ca/data/en/dataset/000183ed-8864-42f0-ae43-c4313a860720;https://doi.org/10.1038/s41597-024-03116-3
QC-MAIN-9de9bb0d,nan,CMP-3d2c4955,2023,Energy,Explosives,21.758367134264937,Sulfide,"Underground, concentrator",Underground – Stoping – Long-Hole Stoping,Kiena,,Wesdome Gold Mines Ltd,Val-d’Or,Quebec,POINT (-77.91 48.12),active_facility,,,mining,"Open-pit, concentrator",Precious metals,Gold,Wesdome Gold Mines Ltd (100%),,1936–1996; 2005–2013; 2021–open,https://www.wesdome.com/English/overview/default.aspx,https://www.wesdome.com/English/operations/eagle-river/default.aspx,https://miningdataonline.com/property/1254/Eagle-River-Complex.aspx,https://open.canada.ca/data/en/dataset/000183ed-8864-42f0-ae43-c4313a860720;https://doi.org/10.1038/s41597-024-03116-3
QC-MAIN-9de9bb0d,nan,CMP-3d2c4955,2023,Energy,Gasoline,56.685846730180984,Sulfide,"Underground, concentrator",Underground – Stoping – Long-Hole Stoping,Kiena,,Wesdome Gold Mines Ltd,Val-d’Or,Quebec,POINT (-77.91 48.12),active_facility,,,mining,"Open-pit, concentrator",Precious metals,Gold,Wesdome Gold Mines Ltd (100%),,1936–1996; 2005–2013; 2021–open,https://www.wesdome.com/English/overview/default.aspx,https://www.wesdome.com/English/operations/eagle-river/default.aspx,https://miningdataonline.com/property/1254/Eagle-River-Complex.aspx,https://open.canada.ca/data/en/dataset/000183ed-8864-42f0-ae43-c4313a860720;https://doi.org/10.1038/s41597-024-03116-3
QC-MAIN-9de9bb0d,nan,CMP-3d2c4955,2023,Energy,LPG-Propane,287.2895021717941,Sulfide,"Underground, concentrator",Underground – Stoping – Long-Hole Stoping,Kiena,,Wesdome Gold Mines Ltd,Val-d’Or,Quebec,POINT (-77.91 48.12),active_facility,,,mining,"Open-pit, concentrator",Precious metals,Gold,Wesdome Gold Mines Ltd (100%),,1936–1996; 2005–2013; 2021–open,https://www.wesdome.com/English/overview/default.aspx,https://www.wesdome.com/English/operations/eagle-river/default.aspx,https://miningdataonline.com/property/1254/Eagle-River-Complex.aspx,https://open.canada.ca/data/en/dataset/000183ed-8864-42f0-ae43-c4313a860720;https://doi.org/10.1038/s41597-024-03116-3
QC-MAIN-b86f7d07,nan,CMP-7e360a1f,2023,Energy,Diesel,470.3406134542327,Sulfide,"Open-pit, underground, concentrator",Underground – Stoping – Cut-and-Fill Stoping,Casa Berardi,,Hecla Mining Company,"north of La Sarre, Casa Berardi Twp.",Quebec,POINT (-79.231307 49.5719),active_facility,,,mining,"Open-pit, underground, concentrator",Precious metals,"Gold, silver",Hecla Mining Company (100%),Hecla Mining Company,1988–1991; 1993–open,https://www.hecla.com/,https://www.hecla.com/operations/hecla-keno-hill-yukon-territory-canada,https://miningdataonline.com/property/4563/Keno-Hill-Operation.aspx,https://open.canada.ca/data/en/dataset/000183ed-8864-42f0-ae43-c4313a860720;https://doi.org/10.1038/s41597-024-03116-3
QC-MAIN-b86f7d07,nan,CMP-7e360a1f,2023,Energy,Electricity,497.5641308019198,Sulfide,"Open-pit, underground, concentrator",Underground – Stoping – Cut-and-Fill Stoping,Casa Berardi,,Hecla Mining Company,"north of La Sarre, Casa Berardi Twp.",Quebec,POINT (-79.231307 49.5719),active_facility,,,mining,"Open-pit, underground, concentrator",Precious metals,"Gold, silver",Hecla Mining Company (100%),Hecla Mining Company,1988–1991; 1993–open,https://www.hecla.com/,https://www.hecla.com/operations/hecla-keno-hill-yukon-territory-canada,https://miningdataonline.com/property/4563/Keno-Hill-Operation.aspx,https://open.canada.ca/data/en/dataset/000183ed-8864-42f0-ae43-c4313a860720;https://doi.org/10.1038/s41597-024-03116-3
QC-MAIN-b86f7d07,nan,CMP-7e360a1f,2023,Energy,Gasoline,68.2943067975524,Sulfide,"Open-pit, underground, concentrator",Underground – Stoping – Cut-and-Fill Stoping,Casa Berardi,,Hecla Mining Company,"north of La Sarre, Casa Berardi Twp.",Quebec,POINT (-79.231307 49.5719),active_facility,,,mining,"Open-pit, underground, concentrator",Precious metals,"Gold, silver",Hecla Mining Company (100%),Hecla Mining Company,1988–1991; 1993–open,https://www.hecla.com/,https://www.hecla.com/operations/hecla-keno-hill-yukon-territory-canada,https://miningdataonline.com/property/4563/Keno-Hill-Operation.aspx,https://open.canada.ca/data/en/dataset/000183ed-8864-42f0-ae43-c4313a860720;https://doi.org/10.1038/s41597-024-03116-3
QC-MAIN-b86f7d07,nan,CMP-7e360a1f,2023,Energy,LPG-Propane,317.9305310637514,Sulfide,"Open-pit, underground, concentrator",Underground – Stoping – Cut-and-Fill Stoping,Casa Berardi,,Hecla Mining Company,"north of La Sarre, Casa Berardi Twp.",Quebec,POINT (-79.231307 49.5719),active_facility,,,mining,"Open-pit, underground, concentrator",Precious metals,"Gold, silver",Hecla Mining Company (100%),Hecla Mining Company,1988–1991; 1993–open,https://www.hecla.com/,https://www.hecla.com/operations/hecla-keno-hill-yukon-territory-canada,https://miningdataonline.com/property/4563/Keno-Hill-Operation.aspx,https://open.canada.ca/data/en/dataset/000183ed-8864-42f0-ae43-c4313a860720;https://doi.org/10.1038/s41597-024-03116-3
QC-MAIN-e7e6a960,nan,CMP-6265c407,2023,Energy,Diesel,201.43008435652328,Sulfide,"Open-pit, concentrator",Surface – Truck & Shovel,Canadian Malartic,,Agnico Eagle Mines Limited,Malartic,Quebec,POINT (-78.130824 48.122223),active_facility,,,mining,"Open-pit, concentrator",Precious metals,"Gold, silver",Agnico Eagle Mines Limited (100%),Agnico Eagle Mines Limited,1935–1965; 2011–open,https://agnicoeagle.com/Home/default.aspx,https://www.agnicoeagle.com/English/operations/operations/Detour-Lake-Mine/default.aspx,https://miningdataonline.com/property/13/Detour-Lake-Mine.aspx,https://open.canada.ca/data/en/dataset/000183ed-8864-42f0-ae43-c4313a860720;https://doi.org/10.1038/s41597-024-03116-3
QC-MAIN-e7e6a960,nan,CMP-6265c407,2023,Energy,Electricity,152.66461674163847,Sulfide,"Open-pit, concentrator",Surface – Truck & Shovel,Canadian Malartic,,Agnico Eagle Mines Limited,Malartic,Quebec,POINT (-78.130824 48.122223),active_facility,,,mining,"Open-pit, concentrator",Precious metals,"Gold, silver",Agnico Eagle Mines Limited (100%),Agnico Eagle Mines Limited,1935–1965; 2011–open,https://agnicoeagle.com/Home/default.aspx,https://www.agnicoeagle.com/English/operations/operations/Detour-Lake-Mine/default.aspx,https://miningdataonline.com/property/13/Detour-Lake-Mine.aspx,https://open.canada.ca/data/en/dataset/000183ed-8864-42f0-ae43-c4313a860720;https://doi.org/10.1038/s41597-024-03116-3
QC-MAIN-e7e6a960,nan,CMP-6265c407,2023,Energy,Explosives,3.3209614243032686,Sulfide,"Open-pit, concentrator",Surface – Truck & Shovel,Canadian Malartic,,Agnico Eagle Mines Limited,Malartic,Quebec,POINT (-78.130824 48.122223),active_facility,,,mining,"Open-pit, concentrator",Precious metals,"Gold, silver",Agnico Eagle Mines Limited (100%),Agnico Eagle Mines Limited,1935–1965; 2011–open,https://agnicoeagle.com/Home/default.aspx,https://www.agnicoeagle.com/English/operations/operations/Detour-Lake-Mine/default.aspx,https://miningdataonline.com/property/13/Detour-Lake-Mine.aspx,https://open.canada.ca/data/en/dataset/000183ed-8864-42f0-ae43-c4313a860720;https://doi.org/10.1038/s41597-024-03116-3
QC-MAIN-e7e6a960,nan,CMP-6265c407,2023,Energy,Gasoline,3.669521010743188,Sulfide,"Open-pit, concentrator",Surface – Truck & Shovel,Canadian Malartic,,Agnico Eagle Mines Limited,Malartic,Quebec,POINT (-78.130824 48.122223),active_facility,,,mining,"Open-pit, concentrator",Precious metals,"Gold, silver",Agnico Eagle Mines Limited (100%),Agnico Eagle Mines Limited,1935–1965; 2011–open,https://agnicoeagle.com/Home/default.aspx,https://www.agnicoeagle.com/English/operations/operations/Detour-Lake-Mine/default.aspx,https://miningdataonline.com/property/13/Detour-Lake-Mine.aspx,https://open.canada.ca/data/en/dataset/000183ed-8864-42f0-ae43-c4313a860720;https://doi.org/10.1038/s41597-024-03116-3
QC-MAIN-e7e6a960,nan,CMP-6265c407,2023,Energy,LPG-Propane,9.31200155468803,Sulfide,"Open-pit, concentrator",Surface – Truck & Shovel,Canadian Malartic,,Agnico Eagle Mines Limited,Malartic,Quebec,POINT (-78.130824 48.122223),active_facility,,,mining,"Open-pit, concentrator",Precious metals,"Gold, silver",Agnico Eagle Mines Limited (100%),Agnico Eagle Mines Limited,1935–1965; 2011–open,https://agnicoeagle.com/Home/default.aspx,https://www.agnicoeagle.com/English/operations/operations/Detour-Lake-Mine/default.aspx,https://miningdataonline.com/property/13/Detour-Lake-Mine.aspx,https://open.canada.ca/data/en/dataset/000183ed-8864-42f0-ae43-c4313a860720;https://doi.org/10.1038/s41597-024-03116-3
QC-MAIN-f9e41c2a,nan,CMP-64d60fd7,2023,Energy,Diesel,228.7794050468799,Sulfide,"Underground, concentrator",Underground – Stoping – Long-Hole Stoping,Lamaque,,Eldorado Gold,Val-d’Or,Quebec,POINT (-77.739624 48.079221),active_facility,,,mining,"Underground, concentrator",Precious metals,Gold,Eldorado Gold (100%),Eldorado Gold,,https://www.eldoradogold.com/,https://www.eldoradogold.com/assets/operations/lamaque-complex,https://miningdataonline.com/property/1694/Lamaque-Project.aspx,https://open.canada.ca/data/en/dataset/000183ed-8864-42f0-ae43-c4313a860720
QC-MAIN-f9e41c2a,nan,CMP-64d60fd7,2023,Energy,Electricity,330.0414232024799,Sulfide,"Underground, concentrator",Underground – Stoping – Long-Hole Stoping,Lamaque,,Eldorado Gold,Val-d’Or,Quebec,POINT (-77.739624 48.079221),active_facility,,,mining,"Underground, concentrator",Precious metals,Gold,Eldorado Gold (100%),Eldorado Gold,,https://www.eldoradogold.com/,https://www.eldoradogold.com/assets/operations/lamaque-complex,https://miningdataonline.com/property/1694/Lamaque-Project.aspx,https://open.canada.ca/data/en/dataset/000183ed-8864-42f0-ae43-c4313a860720
QC-MAIN-f9e41c2a,nan,CMP-64d60fd7,2023,Energy,Gasoline,4.2329670486952224,Sulfide,"Underground, concentrator",Underground – Stoping – Long-Hole Stoping,Lamaque,,Eldorado Gold,Val-d’Or,Quebec,POINT (-77.739624 48.079221),active_facility,,,mining,"Underground, concentrator",Precious metals,Gold,Eldorado Gold (100%),Eldorado Gold,,https://www.eldoradogold.com/,https://www.eldoradogold.com/assets/operations/lamaque-complex,https://miningdataonline.com/property/1694/Lamaque-Project.aspx,https://open.canada.ca/data/en/dataset/000183ed-8864-42f0-ae43-c4313a860720
QC-MAIN-f9e41c2a,nan,CMP-64d60fd7,2023,Energy,LPG-Propane,0.2767112863615925,Sulfide,"Underground, concentrator",Underground – Stoping – Long-Hole Stoping,Lamaque,,Eldorado Gold,Val-d’Or,Quebec,POINT (-77.739624 48.079221),active_facility,,,mining,"Underground, concentrator",Precious metals,Gold,Eldorado Gold (100%),Eldorado Gold,,https://www.eldoradogold.com/,https://www.eldoradogold.com/assets/operations/lamaque-complex,https://miningdataonline.com/property/1694/Lamaque-Project.aspx,https://open.canada.ca/data/en/dataset/000183ed-8864-42f0-ae43-c4313a860720
QC-MAIN-f9e41c2a,nan,CMP-64d60fd7,2023,Energy,Natural gas,91.72502054462029,Sulfide,"Underground, concentrator",Underground – Stoping – Long-Hole Stoping,Lamaque,,Eldorado Gold,Val-d’Or,Quebec,POINT (-77.739624 48.079221),active_facility,,,mining,"Underground, concentrator",Precious metals,Gold,Eldorado Gold (100%),Eldorado Gold,,https://www.eldoradogold.com/,https://www.eldoradogold.com/assets/operations/lamaque-complex,https://miningdataonline.com/property/1694/Lamaque-Project.aspx,https://open.canada.ca/data/en/dataset/000183ed-8864-42f0-ae43-c4313a860720
nan,GRP-0a2c0d69,CMP-6265c407,2023,Energy,Diesel,934.4821748349345,Sulfide,"Open-pit, concentrator",,,,,,,,,,,,,,,,,,,,,
nan,GRP-0a2c0d69,CMP-6265c407,2023,Energy,Electricity,309.1380500871293,Sulfide,"Open-pit, concentrator",,,,,,,,,,,,,,,,,,,,,
nan,GRP-0a2c0d69,CMP-6265c407,2023,Energy,Explosives,11.793426860597274,Sulfide,"Open-pit, concentrator",,,,,,,,,,,,,,,,,,,,,
nan,GRP-0a2c0d69,CMP-6265c407,2023,Energy,Gasoline,13.313992488967234,Sulfide,"Open-pit, concentrator",,,,,,,,,,,,,,,,,,,,,
nan,GRP-0a2c0d69,CMP-6265c407,2023,Energy,LPG-Propane,0.06115572867823733,Sulfide,"Open-pit, concentrator",,,,,,,,,,,,,,,,,,,,,
nan,GRP-0a2c0d69,CMP-6265c407,2023,Energy,Lubricants,1.90259375475146,Sulfide,"Open-pit, concentrator",,,,,,,,,,,,,,,,,,,,,
nan,GRP-0d911886,CMP-4a434d72,2023,Energy,Diesel,222.1045363406084,,,,,,,,,,,,,,,,,,,,,,,
nan,GRP-0d911886,CMP-4a434d72,2023,Energy,Electricity,279.97000421158197,,,,,,,,,,,,,,,,,,,,,,,
nan,GRP-0d911886,CMP-4a434d72,2023,Energy,Gasoline,5.907195637238063,,,,,,,,,,,,,,,,,,,,,,,
nan,GRP-0d911886,CMP-4a434d72,2023,Energy,LPG-Propane,2.176591573445551,,,,,,,,,,,,,,,,,,,,,,,
nan,GRP-0d911886,CMP-4a434d72,2023,Energy,Natural gas,57.26726210924081,,,,,,,,,,,,,,,,,,,,,,,
nan,GRP-147b3123,CMP-48a36546,2023,Energy,Diesel,244.14599745870393,,,,,,,,,,,,,,,,,,,,,,,
nan,GRP-147b3123,CMP-48a36546,2023,Energy,Electricity,670.6888970775095,,,,,,,,,,,,,,,,,,,,,,,
nan,GRP-147b3123,CMP-48a36546,2023,Energy,Explosives,4.407115628970774,,,,,,,,,,,,,,,,,,,,,,,
nan,GRP-147b3123,CMP-48a36546,2023,Energy,Gasoline,1.871728081321474,,,,,,,,,,,,,,,,,,,,,,,
nan,GRP-147b3123,CMP-48a36546,2023,Energy,Natural gas,101.22337919313851,,,,,,,,,,,,,,,,,,,,,,,
nan,GRP-14bfbb82,CMP-4a73c5f8,2023,Energy,Diesel,1079.139344262295,Sulfide,Concentrator,Underground – Stoping – Long-Hole Stoping,,,,,,,,,,,,,,,,,,,,
nan,GRP-14bfbb82,CMP-4a73c5f8,2023,Energy,Electricity,1597.1724295081967,Sulfide,Concentrator,Underground – Stoping – Long-Hole Stoping,,,,,,,,,,,,,,,,,,,,
nan,GRP-14bfbb82,CMP-4a73c5f8,2023,Energy,LPG-Propane,329.3196721311475,Sulfide,Concentrator,Underground – Stoping – Long-Hole Stoping,,,,,,,,,,,,,,,,,,,,
nan,GRP-14bfbb82,CMP-4a73c5f8,2023,Energy,Other,84.23770491803279,Sulfide,Concentrator,Underground – Stoping – Long-Hole Stoping,,,,,,,,,,,,,,,,,,,,
