technosphere_id,year,flow_type,subflow_type,unit,value,comment,main_id,facility_group_id,company_id,source_id,value_MJ,unit_source,assumption_note,unit_standard,needs_factor,value_tonnes_main,value_tonnes_group,value_tonnes_match,value_normalized,normalization_key
TECH-857b7b89-2023-1,2023,Energy,Acetylene,GJ,18.475650648,,BC-MAIN-857b7b89,,CMP-4a434d72,SRC_NewmontCorporation_2023-Performance-data,18475.650648,direct_unit,gj→MJ factor=1000.0,MJ,False,166000.0,,166000.0,0.11129910028915661,main_id
TECH-857b7b89-2023-2,2023,Energy,Aviation fuel,GJ,72676.1107896,,BC-MAIN-857b7b89,,CMP-4a434d72,SRC_NewmontCorporation_2023-Performance-data,72676110.7896,direct_unit,gj→MJ factor=1000.0,MJ,False,166000.0,,166000.0,437.80789632289157,main_id
TECH-857b7b89-2023-3,2023,Energy,Diesel,GJ,287042.447231542,,BC-MAIN-857b7b89,,CMP-4a434d72,SRC_NewmontCorporation_2023-Performance-data,287042447.23154205,direct_unit,gj→MJ factor=1000.0,MJ,False,166000.0,,166000.0,1729.1713688647112,main_id
TECH-857b7b89-2023-4,2023,Energy,Gasoline,GJ,13568.45,,BC-MAIN-857b7b89,,CMP-4a434d72,SRC_NewmontCorporation_2023-Performance-data,13568450.0,direct_unit,gj→MJ factor=1000.0,MJ,False,166000.0,,166000.0,81.73765060240964,main_id
TECH-857b7b89-2023-5,2023,Energy,Propane,GJ,42071.0413,,BC-MAIN-857b7b89,,CMP-4a434d72,SRC_NewmontCorporation_2023-Performance-data,42071041.3,direct_unit,gj→MJ factor=1000.0,MJ,False,166000.0,,166000.0,253.4400078313253,main_id
TECH-857b7b89-2023-6,2023,Energy,Used oil,GJ,2344.0244,,BC-MAIN-857b7b89,,CMP-4a434d72,SRC_NewmontCorporation_2023-Performance-data,2344024.4,direct_unit,gj→MJ factor=1000.0,MJ,False,166000.0,,166000.0,14.12062891566265,main_id
TECH-857b7b89-2023-7,2023,Energy,Electricity consumption|Grid electricity,GJ,569009.5848,,BC-MAIN-857b7b89,,CMP-4a434d72,SRC_NewmontCorporation_2023-Performance-data,569009584.8,direct_unit,gj→MJ factor=1000.0,MJ,False,166000.0,,166000.0,3427.76858313253,main_id
TECH-857b7b89-2023-8,2023,Energy,Electricity consumption|Generated on-site,GJ,86225.1173956,,BC-MAIN-857b7b89,,CMP-4a434d72,SRC_NewmontCorporation_2023-Performance-data,86225117.39559999,direct_unit,gj→MJ factor=1000.0,MJ,False,166000.0,,166000.0,519.4284180457831,main_id
TECH-e7e6a960-2023-1,2023,Energy,Electricity consumption|Grid electricity,kWh,674524386.0,,QC-MAIN-e7e6a960,,CMP-6265c407,SRC_AgnicoEagleMinesLimited_2023-Sustainability-Performance_data,2428287789.6,direct_unit,kwh→MJ factor=3.6,MJ,False,19594928.0,,19594928.0,123.92430273793299,main_id
TECH-e7e6a960-2023-2,2023,Energy,Diesel,GJ,2557832.0,,QC-MAIN-e7e6a960,,CMP-6265c407,SRC_AgnicoEagleMinesLimited_2023-Sustainability-Performance_data,2557832000.0,direct_unit,gj→MJ factor=1000.0,MJ,False,19594928.0,,19594928.0,130.53541202090665,main_id
TECH-e7e6a960-2023-3,2023,Energy,Light Fuel & Gasoline,GJ,42833.0,,QC-MAIN-e7e6a960,,CMP-6265c407,SRC_AgnicoEagleMinesLimited_2023-Sustainability-Performance_data,42833000.0,direct_unit,gj→MJ factor=1000.0,MJ,False,19594928.0,,19594928.0,2.18592280614657,main_id
TECH-e7e6a960-2023-4,2023,Energy,Natural gas,GJ,162805.0,,QC-MAIN-e7e6a960,,CMP-6265c407,SRC_AgnicoEagleMinesLimited_2023-Sustainability-Performance_data,162805000.0,direct_unit,gj→MJ factor=1000.0,MJ,False,19594928.0,,19594928.0,8.308527594487716,main_id
TECH-e7e6a960-2023-5,2023,Energy,Propane,GJ,1463.60937,,QC-MAIN-e7e6a960,,CMP-6265c407,SRC_AgnicoEagleMinesLimited_2023-Sustainability-Performance_data,1463609.3699999999,direct_unit,gj→MJ factor=1000.0,MJ,False,19594928.0,,19594928.0,0.07469327623964732,main_id
TECH-dd723db4-2023-1,2023,Energy,Energy use,MWh,4145000.0,No decomposition per energy type,NL-MAIN-dd723db4,,CMP-2da4630a,SRC_IronOreCompanyofCanadaInc_SR_2023,14922000000.0,direct_unit,mwh→MJ factor=3600.0,MJ,False,17880000.0,,17880000.0,834.5637583892617,main_id
TECH-b86f7d07-2023-1,2023,Energy,Diesel|Mobile equipment,gallons,2785135.0,,QC-MAIN-b86f7d07,,CMP-7e360a1f,SRC_HeclaMiningCompany_SR_2023,406955086.18151003,lhv_factor,diesel MJ/L=38.6,MJ,False,1361450.0,,1361450.0,298.9129870222998,main_id
TECH-b86f7d07-2023-2,2023,Energy,Gasoline|Mobile equipment,gallons,144321.0,,QC-MAIN-b86f7d07,,CMP-7e360a1f,SRC_HeclaMiningCompany_SR_2023,18683944.156062003,lhv_factor,gasoline MJ/L=34.2,MJ,False,1361450.0,,1361450.0,13.723562492975873,main_id
TECH-b86f7d07-2023-3,2023,Energy,Propane,gallons,494423.0,,QC-MAIN-b86f7d07,,CMP-7e360a1f,SRC_HeclaMiningCompany_SR_2023,47351322.34127901,lhv_factor,propane MJ/L=25.3,MJ,False,1361450.0,,1361450.0,34.78006709117412,main_id
TECH-b86f7d07-2023-4,2023,Energy,Surface/underground emulsion & ANFO,pounds,6543598.0,,QC-MAIN-b86f7d07,,CMP-7e360a1f,SRC_HeclaMiningCompany_SR_2023,,missing_factor,No LHV for subflow=surface/underground_emulsion_&_anfo,,True,1361450.0,,1361450.0,,main_id
TECH-b86f7d07-2023-5,2023,Energy,Electricity consumption|Not specified,kWh,137676647.0,,QC-MAIN-b86f7d07,,CMP-7e360a1f,SRC_HeclaMiningCompany_SR_2023,495635929.2,direct_unit,kwh→MJ factor=3.6,MJ,False,1361450.0,,1361450.0,364.05004164677365,main_id
TECH-599152a0-2023-1,2023,Energy,Diesel,TJ,80.96,Share of primary energy source derived from the all group,BC-MAIN-599152a0,,CMP-12afc634,SRC_HudbayMineralsInc_Hudbay-2023-Integrated-Annual-Report-Performance-Data,80960000.0,direct_unit,tj→MJ factor=1000000.0,MJ,False,6862152.0,,6862152.0,11.798048192462073,main_id
TECH-599152a0-2023-2,2023,Energy,Gasoline,TJ,0.368,Share of primary energy source derived from the all group,BC-MAIN-599152a0,,CMP-12afc634,SRC_HudbayMineralsInc_Hudbay-2023-Integrated-Annual-Report-Performance-Data,368000.0,direct_unit,tj→MJ factor=1000000.0,MJ,False,6862152.0,,6862152.0,0.05362749178391851,main_id
TECH-599152a0-2023-3,2023,Energy,Propane,TJ,10.12,Share of primary energy source derived from the all group,BC-MAIN-599152a0,,CMP-12afc634,SRC_HudbayMineralsInc_Hudbay-2023-Integrated-Annual-Report-Performance-Data,10120000.0,direct_unit,tj→MJ factor=1000000.0,MJ,False,6862152.0,,6862152.0,1.474756024057759,main_id
TECH-599152a0-2023-4,2023,Energy,Electricity consumption,TJ,1968.0,,BC-MAIN-599152a0,,CMP-12afc634,SRC_HudbayMineralsInc_Hudbay-2023-Integrated-Annual-Report-Performance-Data,1968000000.0,direct_unit,tj→MJ factor=1000000.0,MJ,False,6862152.0,,6862152.0,286.790499540086,main_id
TECH-aeafbb59-2023-1,2023,Energy,Electricity consumption|Grid electricity,kWh,830958937.0,,ON-MAIN-aeafbb59,,CMP-6265c407,SRC_AgnicoEagleMinesLimited_2023-Sustainability-Performance_data,2991452173.2000003,direct_unit,kwh→MJ factor=3.6,MJ,False,25434853.5024164,,25434853.5024164,117.61232172679124,main_id
TECH-aeafbb59-2023-2,2023,Energy,Diesel,GJ,3947008.0,,ON-MAIN-aeafbb59,,CMP-6265c407,SRC_AgnicoEagleMinesLimited_2023-Sustainability-Performance_data,3947008000.0,direct_unit,gj→MJ factor=1000.0,MJ,False,25434853.5024164,,25434853.5024164,155.1810785788493,main_id
TECH-aeafbb59-2023-3,2023,Energy,Explosives,GJ,65074.0,,ON-MAIN-aeafbb59,,CMP-6265c407,SRC_AgnicoEagleMinesLimited_2023-Sustainability-Performance_data,65074000.0,direct_unit,gj→MJ factor=1000.0,MJ,False,25434853.5024164,,25434853.5024164,2.5584578261407227,main_id
TECH-aeafbb59-2023-4,2023,Energy,Light Fuel & Gasoline,GJ,71904.0,,ON-MAIN-aeafbb59,,CMP-6265c407,SRC_AgnicoEagleMinesLimited_2023-Sustainability-Performance_data,71904000.0,direct_unit,gj→MJ factor=1000.0,MJ,False,25434853.5024164,,25434853.5024164,2.8269869922061424,main_id
TECH-aeafbb59-2023-5,2023,Energy,Propane,GJ,182468.0,,ON-MAIN-aeafbb59,,CMP-6265c407,SRC_AgnicoEagleMinesLimited_2023-Sustainability-Performance_data,182468000.0,direct_unit,gj→MJ factor=1000.0,MJ,False,25434853.5024164,,25434853.5024164,7.173935559827971,main_id
TECH-cb85213a-2023-1,2023,Energy,Diesel,kl,2829.0,,ON-MAIN-cb85213a,,CMP-3d2c4955,SRC_WesdomeGoldMinesLtd._ESG_data_2023,109199400.0,lhv_factor,diesel MJ/L=38.6,MJ,False,222627.0,,222627.0,490.50384724224824,main_id
TECH-cb85213a-2023-2,2023,Energy,Explosives,t,1211.0,,ON-MAIN-cb85213a,,CMP-3d2c4955,SRC_WesdomeGoldMinesLtd._ESG_data_2023,4844000.0,lhv_factor,explosives MJ/kg=4.0 (from t),MJ,False,222627.0,,222627.0,21.758367134264937,main_id
TECH-cb85213a-2023-3,2023,Energy,Gasoline,kl,369.0,,ON-MAIN-cb85213a,,CMP-3d2c4955,SRC_WesdomeGoldMinesLtd._ESG_data_2023,12619800.000000002,lhv_factor,gasoline MJ/L=34.2,MJ,False,222627.0,,222627.0,56.685846730180984,main_id
TECH-cb85213a-2023-4,2023,Energy,Propane,kl,2528.0,,ON-MAIN-cb85213a,,CMP-3d2c4955,SRC_WesdomeGoldMinesLtd._ESG_data_2023,63958400.0,lhv_factor,propane MJ/L=25.3,MJ,False,222627.0,,222627.0,287.2895021717941,main_id
TECH-cb85213a-2023-5,2023,Energy,Electricity consumption|Generated on-site,MWh,34190.619999999995,Given in MW in the Excel file but does not make sense,ON-MAIN-cb85213a,,CMP-3d2c4955,SRC_WesdomeGoldMinesLtd._ESG_data_2023,123086231.99999999,direct_unit,mwh→MJ factor=3600.0,MJ,False,222627.0,,222627.0,552.8809713107573,main_id
TECH-cb85213a-2023-6,2023,Energy,Electricity consumption|Grid electricity,MWh,38555.380000000005,Given in MW in the Excel file but does not make sense,ON-MAIN-cb85213a,,CMP-3d2c4955,SRC_WesdomeGoldMinesLtd._ESG_data_2023,138799368.00000003,direct_unit,mwh→MJ factor=3600.0,MJ,False,222627.0,,222627.0,623.4615208397904,main_id
TECH-6dc537e6-2023-1,2023,Energy,Aviation fuel,GJ,21662.09888,,QC-MAIN-6dc537e6,,CMP-4a434d72,SRC_NewmontCorporation_2023-Performance-data,21662098.880000003,direct_unit,gj→MJ factor=1000.0,MJ,False,1661000.0,,1661000.0,13.04160077062011,main_id
TECH-6dc537e6-2023-3,2023,Energy,Diesel,GJ,385327.7974,,QC-MAIN-6dc537e6,,CMP-4a434d72,SRC_NewmontCorporation_2023-Performance-data,385327797.4,direct_unit,gj→MJ factor=1000.0,MJ,False,1661000.0,,1661000.0,231.98542889825404,main_id
TECH-6dc537e6-2023-4,2023,Energy,Gasoline,GJ,10018.1179,,QC-MAIN-6dc537e6,,CMP-4a434d72,SRC_NewmontCorporation_2023-Performance-data,10018117.899999999,direct_unit,gj→MJ factor=1000.0,MJ,False,1661000.0,,1661000.0,6.031377423239012,main_id
TECH-6dc537e6-2023-5,2023,Energy,Grinding media,t,3039.9,"Explosives, treated as energy consumption",QC-MAIN-6dc537e6,,CMP-4a434d72,SRC_NewmontCorporation_Newmont-2023-Performance-Data-Tables-V4-locked,,missing_factor,No LHV for subflow=grinding_media,,True,1661000.0,,1661000.0,,main_id
TECH-6dc537e6-2023-9,2023,Energy,Propane,GJ,142393.17415,,QC-MAIN-6dc537e6,,CMP-4a434d72,SRC_NewmontCorporation_2023-Performance-data,142393174.15,direct_unit,gj→MJ factor=1000.0,MJ,False,1661000.0,,1661000.0,85.72737757375076,main_id
TECH-6dc537e6-2023-13,2023,Energy,Electricity consumption|Grid electricity,GJ,892229.95044,,QC-MAIN-6dc537e6,,CMP-4a434d72,SRC_NewmontCorporation_2023-Performance-data,892229950.44,direct_unit,gj→MJ factor=1000.0,MJ,False,1661000.0,,1661000.0,537.1643289825407,main_id
TECH-6dc537e6-2023-14,2023,Energy,Electricity consumption|Generated on-site,GJ,3531.1068,,QC-MAIN-6dc537e6,,CMP-4a434d72,SRC_NewmontCorporation_2023-Performance-data,3531106.8,direct_unit,gj→MJ factor=1000.0,MJ,False,1661000.0,,1661000.0,2.1258921131848285,main_id
TECH-6b4800fe-2023-1,2023,Energy,Diesel,GJ,1683653.0,,BC-MAIN-6b4800fe,,CMP-e35f138c,SRC_TasekoMinesLimited_ESG_2023,1683653000.0,direct_unit,gj→MJ factor=1000.0,MJ,False,30000000.0,,30000000.0,56.121766666666666,main_id
TECH-6b4800fe-2023-2,2023,Energy,Gasoline,GJ,38791.0,,BC-MAIN-6b4800fe,,CMP-e35f138c,SRC_TasekoMinesLimited_ESG_2023,38791000.0,direct_unit,gj→MJ factor=1000.0,MJ,False,30000000.0,,30000000.0,1.2930333333333333,main_id
TECH-6b4800fe-2023-3,2023,Energy,Natural gas,GJ,186977.0,,BC-MAIN-6b4800fe,,CMP-e35f138c,SRC_TasekoMinesLimited_ESG_2023,186977000.0,direct_unit,gj→MJ factor=1000.0,MJ,False,30000000.0,,30000000.0,6.232566666666667,main_id
TECH-6b4800fe-2023-4,2023,Energy,Propane,GJ,453.0,,BC-MAIN-6b4800fe,,CMP-e35f138c,SRC_TasekoMinesLimited_ESG_2023,453000.0,direct_unit,gj→MJ factor=1000.0,MJ,False,30000000.0,,30000000.0,0.0151,main_id
TECH-6b4800fe-2023-5,2023,Energy,Electricity consumption|Grid electricity,GJ,1695665.0,,BC-MAIN-6b4800fe,,CMP-e35f138c,SRC_TasekoMinesLimited_ESG_2023,1695665000.0,direct_unit,gj→MJ factor=1000.0,MJ,False,30000000.0,,30000000.0,56.522166666666664,main_id
TECH-c0660aec-2023-1,2023,Energy,Electricity consumption|Grid electricity,kWh,178921745.0,,QC-MAIN-c0660aec,,CMP-6265c407,SRC_AgnicoEagleMinesLimited_2023-Sustainability-Performance_data,644118282.0,direct_unit,kwh→MJ factor=3.6,MJ,False,2886927.328724,,2886927.328724,223.1155164839897,main_id
TECH-c0660aec-2023-2,2023,Energy,Diesel,GJ,129455.0,,QC-MAIN-c0660aec,,CMP-6265c407,SRC_AgnicoEagleMinesLimited_2023-Sustainability-Performance_data,129455000.0,direct_unit,gj→MJ factor=1000.0,MJ,False,2886927.328724,,2886927.328724,44.84179380338546,main_id
TECH-c0660aec-2023-3,2023,Energy,Explosives,GJ,11047.0,,QC-MAIN-c0660aec,,CMP-6265c407,SRC_AgnicoEagleMinesLimited_2023-Sustainability-Performance_data,11047000.0,direct_unit,gj→MJ factor=1000.0,MJ,False,2886927.328724,,2886927.328724,3.8265597786566694,main_id
TECH-c0660aec-2023-4,2023,Energy,Light Fuel & Gasoline,GJ,1347.0,,QC-MAIN-c0660aec,,CMP-6265c407,SRC_AgnicoEagleMinesLimited_2023-Sustainability-Performance_data,1347000.0,direct_unit,gj→MJ factor=1000.0,MJ,False,2886927.328724,,2886927.328724,0.4665860434371806,main_id
TECH-c0660aec-2023-5,2023,Energy,Natural gas,GJ,86234.0,,QC-MAIN-c0660aec,,CMP-6265c407,SRC_AgnicoEagleMinesLimited_2023-Sustainability-Performance_data,86234000.0,direct_unit,gj→MJ factor=1000.0,MJ,False,2886927.328724,,2886927.328724,29.870512895146124,main_id
TECH-6e9be24e-2023-1,2023,Energy,Electricity consumption|Non-renewable electricity use,GJ,619000.0,,ON-MAIN-6e9be24e,,CMP-79bcdb91,SRC_BarrickGoldCorporation_Barrick_2023_Performance-Data,619000000.0,direct_unit,gj→MJ factor=1000.0,MJ,False,1266009.0,,1266009.0,488.938072320181,main_id
TECH-6e9be24e-2023-2,2023,Energy,Non-renewable fuel use,GJ,301000.0,,ON-MAIN-6e9be24e,,CMP-79bcdb91,SRC_BarrickGoldCorporation_Barrick_2023_Performance-Data,301000000.0,direct_unit,gj→MJ factor=1000.0,MJ,False,1266009.0,,1266009.0,237.75502385844018,main_id
TECH-687b8c8d-2023-1,2023,Energy,Electricity consumption|Generated on-site,GJ,717.0,,ON-MAIN-687b8c8d,,CMP-3a4ccc7f,SRC_AlamosGoldInc_Data_2023,717000.0,direct_unit,gj→MJ factor=1000.0,MJ,False,439008.0,,439008.0,1.6332276404985786,main_id
TECH-687b8c8d-2023-2,2023,Energy,Electricity consumption|Grid electricity,GJ,334179.0,,ON-MAIN-687b8c8d,,CMP-3a4ccc7f,SRC_AlamosGoldInc_Data_2023,334179000.0,direct_unit,gj→MJ factor=1000.0,MJ,False,439008.0,,439008.0,761.213918652963,main_id
TECH-687b8c8d-2023-3,2023,Energy,Diesel,GJ,211308.0,,ON-MAIN-687b8c8d,,CMP-3a4ccc7f,SRC_AlamosGoldInc_Data_2023,211308000.0,direct_unit,gj→MJ factor=1000.0,MJ,False,439008.0,,439008.0,481.33063634375685,main_id
TECH-687b8c8d-2023-4,2023,Energy,Gasoline,GJ,14406.0,,ON-MAIN-687b8c8d,,CMP-3a4ccc7f,SRC_AlamosGoldInc_Data_2023,14406000.0,direct_unit,gj→MJ factor=1000.0,MJ,False,439008.0,,439008.0,32.81489175595889,main_id
TECH-687b8c8d-2023-5,2023,Energy,Propane,GJ,72011.0,,ON-MAIN-687b8c8d,,CMP-3a4ccc7f,SRC_AlamosGoldInc_Data_2023,72011000.0,direct_unit,gj→MJ factor=1000.0,MJ,False,439008.0,,439008.0,164.03117938625263,main_id
TECH-44857446-2023-1,2023,Energy,Diesel|Mobile equipment,gallons,409793.0,,YT-MAIN-44857446,,CMP-7e360a1f,SRC_HeclaMiningCompany_SR_2023,59877652.477018006,lhv_factor,diesel MJ/L=38.6,MJ,False,127307.0,,127307.0,470.3406134542327,main_id
TECH-44857446-2023-2,2023,Energy,Gasoline|Mobile equipment,gallons,67158.0,,YT-MAIN-44857446,,CMP-7e360a1f,SRC_HeclaMiningCompany_SR_2023,8694343.315476002,lhv_factor,gasoline MJ/L=34.2,MJ,False,127307.0,,127307.0,68.2943067975524,main_id
TECH-44857446-2023-3,2023,Energy,Propane,gallons,422621.0,,YT-MAIN-44857446,,CMP-7e360a1f,SRC_HeclaMiningCompany_SR_2023,40474782.118133,lhv_factor,propane MJ/L=25.3,MJ,False,127307.0,,127307.0,317.9305310637514,main_id
TECH-44857446-2023-4,2023,Energy,Surface/underground emulsion & ANFO,pounds,511210.0,,YT-MAIN-44857446,,CMP-7e360a1f,SRC_HeclaMiningCompany_SR_2023,,missing_factor,No LHV for subflow=surface/underground_emulsion_&_anfo,,True,127307.0,,127307.0,,main_id
TECH-44857446-2023-5,2023,Energy,Electricity consumption|Not specified,kWh,17595388.0,,YT-MAIN-44857446,,CMP-7e360a1f,SRC_HeclaMiningCompany_SR_2023,63343396.800000004,direct_unit,kwh→MJ factor=3.6,MJ,False,127307.0,,127307.0,497.5641308019198,main_id
TECH-9de9bb0d-2023-1,2023,Energy,Diesel,kl,1188.0,,QC-MAIN-9de9bb0d,,CMP-3d2c4955,SRC_WesdomeGoldMinesLtd._ESG_data_2023,45856800.0,lhv_factor,diesel MJ/L=38.6,MJ,False,191148.0,,191148.0,239.9020654152803,main_id
TECH-9de9bb0d-2023-2,2023,Energy,Explosives,t,506.0,,QC-MAIN-9de9bb0d,,CMP-3d2c4955,SRC_WesdomeGoldMinesLtd._ESG_data_2023,2024000.0,lhv_factor,explosives MJ/kg=4.0 (from t),MJ,False,191148.0,,191148.0,10.588653817983971,main_id
TECH-9de9bb0d-2023-3,2023,Energy,Gasoline,kl,36.0,,QC-MAIN-9de9bb0d,,CMP-3d2c4955,SRC_WesdomeGoldMinesLtd._ESG_data_2023,1231200.0,lhv_factor,gasoline MJ/L=34.2,MJ,False,191148.0,,191148.0,6.441082302718312,main_id
TECH-9de9bb0d-2023-4,2023,Energy,Natural gas,kl,1528.0,,QC-MAIN-9de9bb0d,,CMP-3d2c4955,SRC_WesdomeGoldMinesLtd._ESG_data_2023,34380000.0,lhv_factor,natural_gas MJ/L=22.5,MJ,False,191148.0,,191148.0,179.8606315525143,main_id
TECH-9de9bb0d-2023-5,2023,Energy,Electricity consumption|Generated on-site,MWh,10684.5,Given in MW in the Excel file but does not make sense,QC-MAIN-9de9bb0d,,CMP-3d2c4955,SRC_WesdomeGoldMinesLtd._ESG_data_2023,38464200.0,direct_unit,mwh→MJ factor=3600.0,MJ,False,191148.0,,191148.0,201.2273212379936,main_id
TECH-9de9bb0d-2023-6,2023,Energy,Electricity consumption|Grid electricity,MWh,32053.5,Given in MW in the Excel file but does not make sense,QC-MAIN-9de9bb0d,,CMP-3d2c4955,SRC_WesdomeGoldMinesLtd._ESG_data_2023,115392600.0,direct_unit,mwh→MJ factor=3600.0,MJ,False,191148.0,,191148.0,603.6819637139807,main_id
TECH-a3c56a83-2023-1,2023,Energy,Diesel,kl,13849.0,,ON-MAIN-a3c56a83,,CMP-967076a1,SRC_ImpalaCanadaLtd_ESG_2024,534571400.0,lhv_factor,diesel MJ/L=38.6,MJ,False,10248000.0,,10248000.0,52.16348555815769,main_id
TECH-a3c56a83-2023-2,2023,Energy,Petrol,kl,422.0,,ON-MAIN-a3c56a83,,CMP-967076a1,SRC_ImpalaCanadaLtd_ESG_2024,14432400.000000002,lhv_factor,gasoline MJ/L=34.2,MJ,False,10248000.0,,10248000.0,1.408313817330211,main_id
TECH-a3c56a83-2023-3,2023,Energy,Electricity consumption|Not specified,GWh,326.0,,ON-MAIN-a3c56a83,,CMP-967076a1,SRC_ImpalaCanadaLtd_ESG_2024,1173600000.0,direct_unit,gwh→MJ factor=3600000.0,MJ,False,10248000.0,,10248000.0,114.51990632318501,main_id
TECH-f9e41c2a-2023-1,2023,Energy,Electricity consumption|Grid electricity,GJ,276713.0,,QC-MAIN-f9e41c2a,,CMP-64d60fd7,SRC_EldoradoGold_ESG_2023,276713000.0,direct_unit,gj→MJ factor=1000.0,MJ,False,838419.0,,838419.0,330.0414232024799,main_id
TECH-f9e41c2a-2023-2,2023,Energy,Diesel|Mobile equipment,GJ,191632.0,,QC-MAIN-f9e41c2a,,CMP-64d60fd7,SRC_EldoradoGold_ESG_2023,191632000.0,direct_unit,gj→MJ factor=1000.0,MJ,False,838419.0,,838419.0,228.56352253467537,main_id
TECH-f9e41c2a-2023-3,2023,Energy,Diesel|Stationary equipment,GJ,181.0,,QC-MAIN-f9e41c2a,,CMP-64d60fd7,SRC_EldoradoGold_ESG_2023,181000.0,direct_unit,gj→MJ factor=1000.0,MJ,False,838419.0,,838419.0,0.21588251220451826,main_id
TECH-f9e41c2a-2023-4,2023,Energy,Gasoline,GJ,3549.0,,QC-MAIN-f9e41c2a,,CMP-64d60fd7,SRC_EldoradoGold_ESG_2023,3549000.0,direct_unit,gj→MJ factor=1000.0,MJ,False,838419.0,,838419.0,4.2329670486952224,main_id
TECH-f9e41c2a-2023-5,2023,Energy,LPG|Mobile equipment,GJ,45.0,,QC-MAIN-f9e41c2a,,CMP-64d60fd7,SRC_EldoradoGold_ESG_2023,45000.0,direct_unit,gj→MJ factor=1000.0,MJ,False,838419.0,,838419.0,0.053672447785653714,main_id
TECH-f9e41c2a-2023-6,2023,Energy,LPG|Stationary equipment,GJ,187.0,,QC-MAIN-f9e41c2a,,CMP-64d60fd7,SRC_EldoradoGold_ESG_2023,187000.0,direct_unit,gj→MJ factor=1000.0,MJ,False,838419.0,,838419.0,0.22303883857593876,main_id
TECH-f9e41c2a-2023-7,2023,Energy,Natural gas,GJ,76904.0,,QC-MAIN-f9e41c2a,,CMP-64d60fd7,SRC_EldoradoGold_ESG_2023,76904000.0,direct_unit,gj→MJ factor=1000.0,MJ,False,838419.0,,838419.0,91.72502054462029,main_id
TECH-e51eda66-2023-1,2023,Energy,Electricity consumption|Grid electricity,kWh,469220285.0,,QC-MAIN-e51eda66,,CMP-6265c407,SRC_AgnicoEagleMinesLimited_2023-Sustainability-Performance_data,1689193026.0,direct_unit,kwh→MJ factor=3.6,MJ,False,2658395.96049,,2658395.96049,635.4181435366932,main_id
TECH-e51eda66-2023-2,2023,Energy,Diesel,GJ,391146.0,,QC-MAIN-e51eda66,,CMP-6265c407,SRC_AgnicoEagleMinesLimited_2023-Sustainability-Performance_data,391146000.0,direct_unit,gj→MJ factor=1000.0,MJ,False,2658395.96049,,2658395.96049,147.13609477795902,main_id
TECH-e51eda66-2023-3,2023,Energy,Explosives,GJ,6280.0,,QC-MAIN-e51eda66,,CMP-6265c407,SRC_AgnicoEagleMinesLimited_2023-Sustainability-Performance_data,6280000.0,direct_unit,gj→MJ factor=1000.0,MJ,False,2658395.96049,,2658395.96049,2.3623267915448007,main_id
TECH-e51eda66-2023-4,2023,Energy,Light Fuel & Gasoline,GJ,8329.0,,QC-MAIN-e51eda66,,CMP-6265c407,SRC_AgnicoEagleMinesLimited_2023-Sustainability-Performance_data,8329000.0,direct_unit,gj→MJ factor=1000.0,MJ,False,2658395.96049,,2658395.96049,3.1330923322892743,main_id
TECH-e51eda66-2023-5,2023,Energy,Natural gas,GJ,297435.0,,QC-MAIN-e51eda66,,CMP-6265c407,SRC_AgnicoEagleMinesLimited_2023-Sustainability-Performance_data,297435000.0,direct_unit,gj→MJ factor=1000.0,MJ,False,2658395.96049,,2658395.96049,111.88513841451079,main_id
TECH-1f126a43-2023-1,2023,Energy,Electricity consumption|Grid electricity,kWh,182554670.0,,ON-MAIN-1f126a43,,CMP-6265c407,SRC_AgnicoEagleMinesLimited_2023-Sustainability-Performance_data,657196812.0,direct_unit,kwh→MJ factor=3.6,MJ,False,441588.0,,441588.0,1488.257860267942,main_id
TECH-1f126a43-2023-2,2023,Energy,Diesel,GJ,91423.0,,ON-MAIN-1f126a43,,CMP-6265c407,SRC_AgnicoEagleMinesLimited_2023-Sustainability-Performance_data,91423000.0,direct_unit,gj→MJ factor=1000.0,MJ,False,441588.0,,441588.0,207.03234689348443,main_id
TECH-1f126a43-2023-3,2023,Energy,Explosives,GJ,82576.0,,ON-MAIN-1f126a43,,CMP-6265c407,SRC_AgnicoEagleMinesLimited_2023-Sustainability-Performance_data,82576000.0,direct_unit,gj→MJ factor=1000.0,MJ,False,441588.0,,441588.0,186.99783508609835,main_id
TECH-1f126a43-2023-4,2023,Energy,Light Fuel & Gasoline,GJ,6440.0,,ON-MAIN-1f126a43,,CMP-6265c407,SRC_AgnicoEagleMinesLimited_2023-Sustainability-Performance_data,6440000.0,direct_unit,gj→MJ factor=1000.0,MJ,False,441588.0,,441588.0,14.583729630334158,main_id
TECH-1f126a43-2023-5,2023,Energy,Natural gas,GJ,327090.0,,ON-MAIN-1f126a43,,CMP-6265c407,SRC_AgnicoEagleMinesLimited_2023-Sustainability-Performance_data,327090000.0,direct_unit,gj→MJ factor=1000.0,MJ,False,441588.0,,441588.0,740.7130628549689,main_id
TECH-1f126a43-2023-6,2023,Energy,Propane,GJ,658.0,,ON-MAIN-1f126a43,,CMP-6265c407,SRC_AgnicoEagleMinesLimited_2023-Sustainability-Performance_data,658000.0,direct_unit,gj→MJ factor=1000.0,MJ,False,441588.0,,441588.0,1.4900767230993597,main_id
TECH-GRP-0a2c0d69-2023-1,2023,Energy,Electricity consumption|Generated on-site,kWh,164987364.0,,,GRP-0a2c0d69,CMP-6265c407,SRC_AgnicoEagleMinesLimited_2023-Sustainability-Performance_data,593954510.4,direct_unit,kwh→MJ factor=3.6,MJ,False,,3842649.005728,3842649.005728,154.56902504356464,facility_group_id
TECH-GRP-0a2c0d69-2023-2,2023,Energy,Diesel,GJ,3590887.0,,,GRP-0a2c0d69,CMP-6265c407,SRC_AgnicoEagleMinesLimited_2023-Sustainability-Performance_data,3590887000.0,direct_unit,gj→MJ factor=1000.0,MJ,False,,3842649.005728,3842649.005728,934.4821748349345,facility_group_id
TECH-GRP-0a2c0d69-2023-3,2023,Energy,Explosives,GJ,45318.0,,,GRP-0a2c0d69,CMP-6265c407,SRC_AgnicoEagleMinesLimited_2023-Sustainability-Performance_data,45318000.0,direct_unit,gj→MJ factor=1000.0,MJ,False,,3842649.005728,3842649.005728,11.793426860597274,facility_group_id
TECH-GRP-0a2c0d69-2023-4,2023,Energy,Light Fuel & Gasoline,GJ,51161.0,,,GRP-0a2c0d69,CMP-6265c407,SRC_AgnicoEagleMinesLimited_2023-Sustainability-Performance_data,51161000.0,direct_unit,gj→MJ factor=1000.0,MJ,False,,3842649.005728,3842649.005728,13.313992488967234,facility_group_id
TECH-GRP-0a2c0d69-2023-5,2023,Energy,Lubricating Oils & Greases,GJ,7311.0,,,GRP-0a2c0d69,CMP-6265c407,SRC_AgnicoEagleMinesLimited_2023-Sustainability-Performance_data,7311000.0,direct_unit,gj→MJ factor=1000.0,MJ,False,,3842649.005728,3842649.005728,1.90259375475146,facility_group_id
TECH-GRP-0a2c0d69-2023-6,2023,Energy,Propane,GJ,235.0,,,GRP-0a2c0d69,CMP-6265c407,SRC_AgnicoEagleMinesLimited_2023-Sustainability-Performance_data,235000.0,direct_unit,gj→MJ factor=1000.0,MJ,False,,3842649.005728,3842649.005728,0.06115572867823733,facility_group_id
TECH-8b0264c9-2023-1,2023,Energy,Electricity consumption|Generated on-site,kWh,132709926.0,,NU-MAIN-8b0264c9,,CMP-6265c407,SRC_AgnicoEagleMinesLimited_2023-Sustainability-Performance_data,477755733.6,direct_unit,kwh→MJ factor=3.6,MJ,False,1918143.0,,1918143.0,249.07201058523793,main_id
TECH-8b0264c9-2023-2,2023,Energy,Diesel,GJ,1944158.0,,NU-MAIN-8b0264c9,,CMP-6265c407,SRC_AgnicoEagleMinesLimited_2023-Sustainability-Performance_data,1944158000.0,direct_unit,gj→MJ factor=1000.0,MJ,False,1918143.0,,1918143.0,1013.5625967407018,main_id
TECH-8b0264c9-2023-3,2023,Energy,Explosives,GJ,18198.0,,NU-MAIN-8b0264c9,,CMP-6265c407,SRC_AgnicoEagleMinesLimited_2023-Sustainability-Performance_data,18198000.0,direct_unit,gj→MJ factor=1000.0,MJ,False,1918143.0,,1918143.0,9.487300998934908,main_id
TECH-8b0264c9-2023-4,2023,Energy,Light Fuel & Gasoline,GJ,5290.0,,NU-MAIN-8b0264c9,,CMP-6265c407,SRC_AgnicoEagleMinesLimited_2023-Sustainability-Performance_data,5290000.0,direct_unit,gj→MJ factor=1000.0,MJ,False,1918143.0,,1918143.0,2.7578757162526464,main_id
TECH-ed23117f-2023-1,2023,Energy,Electricity consumption|Not specified,tCO2eq,7075.0,,BC-MAIN-ed23117f,,CMP-fa032e20,SRC_CenterraGoldInc_Data,,missing_factor,No LHV for subflow=electricity_consumption,,True,21680000.0,,21680000.0,,main_id
TECH-ed23117f-2023-2,2023,Energy,Diesel,tCO2eq,68884.0,,BC-MAIN-ed23117f,,CMP-fa032e20,SRC_CenterraGoldInc_Data,,missing_factor,"No conversion rule for subflow=diesel, unit=tco2eq",,True,21680000.0,,21680000.0,,main_id
TECH-ed23117f-2023-3,2023,Energy,Explosives,tCO2eq,690.0,,BC-MAIN-ed23117f,,CMP-fa032e20,SRC_CenterraGoldInc_Data,,missing_factor,"No conversion rule for subflow=explosives, unit=tco2eq",,True,21680000.0,,21680000.0,,main_id
TECH-ed23117f-2023-4,2023,Energy,Gasoline,tCO2eq,1557.0,,BC-MAIN-ed23117f,,CMP-fa032e20,SRC_CenterraGoldInc_Data,,missing_factor,"No conversion rule for subflow=gasoline, unit=tco2eq",,True,21680000.0,,21680000.0,,main_id
TECH-ed23117f-2023-5,2023,Energy,Propane,tCO2eq,1362.0,,BC-MAIN-ed23117f,,CMP-fa032e20,SRC_CenterraGoldInc_Data,,missing_factor,"No conversion rule for subflow=propane, unit=tco2eq",,True,21680000.0,,21680000.0,,main_id
TECH-fefeaee4-2023-1,2023,Energy,Aviation fuel,GJ,27653.22904,,ON-MAIN-fefeaee4,,CMP-4a434d72,SRC_NewmontCorporation_2023-Performance-data,27653229.04,direct_unit,gj→MJ factor=1000.0,MJ,False,1028000.0,,1028000.0,26.900028249027237,main_id
TECH-fefeaee4-2023-2,2023,Energy,Biodiesel,GJ,11770.3702287417,,ON-MAIN-fefeaee4,,CMP-4a434d72,SRC_NewmontCorporation_2023-Performance-data,11770370.2287417,direct_unit,gj→MJ factor=1000.0,MJ,False,1028000.0,,1028000.0,11.44977648710282,main_id
TECH-fefeaee4-2023-4,2023,Energy,Diesel,GJ,308614.730821,,ON-MAIN-fefeaee4,,CMP-4a434d72,SRC_NewmontCorporation_2023-Performance-data,308614730.821,direct_unit,gj→MJ factor=1000.0,MJ,False,1028000.0,,1028000.0,300.2088821215953,main_id
TECH-fefeaee4-2023-5,2023,Energy,Gasoline,GJ,5437.635,,ON-MAIN-fefeaee4,,CMP-4a434d72,SRC_NewmontCorporation_2023-Performance-data,5437635.0,direct_unit,gj→MJ factor=1000.0,MJ,False,1028000.0,,1028000.0,5.289528210116732,main_id
TECH-fefeaee4-2023-6,2023,Energy,Grinding media,t,726.071,"Explosives, treated as energy consumption",ON-MAIN-fefeaee4,,CMP-4a434d72,SRC_NewmontCorporation_Newmont-2023-Performance-Data-Tables-V4-locked,,missing_factor,No LHV for subflow=grinding_media,,True,1028000.0,,1028000.0,,main_id
TECH-fefeaee4-2023-10,2023,Energy,Propane,GJ,229891.86895,,ON-MAIN-fefeaee4,,CMP-4a434d72,SRC_NewmontCorporation_2023-Performance-data,229891868.95000002,direct_unit,gj→MJ factor=1000.0,MJ,False,1028000.0,,1028000.0,223.6302227140078,main_id
TECH-fefeaee4-2023-12,2023,Energy,Solar,GJ,1483.2,,ON-MAIN-fefeaee4,,CMP-4a434d72,SRC_NewmontCorporation_2023-Performance-data,1483200.0,direct_unit,gj→MJ factor=1000.0,MJ,False,1028000.0,,1028000.0,1.4428015564202334,main_id
TECH-fefeaee4-2023-14,2023,Energy,Electricity consumption|Generated on-site,GJ,3808.98428206273,,ON-MAIN-fefeaee4,,CMP-4a434d72,SRC_NewmontCorporation_2023-Performance-data,3808984.28206273,direct_unit,gj→MJ factor=1000.0,MJ,False,1028000.0,,1028000.0,3.7052376284656905,main_id
TECH-fefeaee4-2023-15,2023,Energy,Electricity consumption|Grid electricity,GJ,509889.6,,ON-MAIN-fefeaee4,,CMP-4a434d72,SRC_NewmontCorporation_2023-Performance-data,509889600.0,direct_unit,gj→MJ factor=1000.0,MJ,False,1028000.0,,1028000.0,496.00155642023344,main_id
TECH-aa76f6f2-2023-1,2023,Energy,Electricity consumption|Generated on-site,GJ,56414.6765,,BC-MAIN-aa76f6f2,,CMP-d94be190,SRC_NewGoldInc_ESG_data_2023,56414676.5,direct_unit,gj→MJ factor=1000.0,MJ,False,3065000.0,,3065000.0,18.40609347471452,main_id
TECH-aa76f6f2-2023-2,2023,Energy,Electricity consumption|Grid electricity,GJ,171984.8235,,BC-MAIN-aa76f6f2,,CMP-d94be190,SRC_NewGoldInc_ESG_data_2023,171984823.5,direct_unit,gj→MJ factor=1000.0,MJ,False,3065000.0,,3065000.0,56.11250358890702,main_id
TECH-aa76f6f2-2023-6,2023,Energy,Diesel,l,4761600.1,,BC-MAIN-aa76f6f2,,CMP-d94be190,SRC_NewGoldInc_ESG_data_2023,183797763.85999998,lhv_factor,diesel MJ/L=38.6,MJ,False,3065000.0,,3065000.0,59.966643999999995,main_id
TECH-aa76f6f2-2023-7,2023,Energy,Explosives,kg,522600.0,,BC-MAIN-aa76f6f2,,CMP-d94be190,SRC_NewGoldInc_ESG_data_2023,2090400.0,lhv_factor,explosives MJ/kg=4.0 (from kg),MJ,False,3065000.0,,3065000.0,0.6820228384991843,main_id
TECH-aa76f6f2-2023-9,2023,Energy,Gasoline,l,119418.4,,BC-MAIN-aa76f6f2,,CMP-d94be190,SRC_NewGoldInc_ESG_data_2023,4084109.2800000003,lhv_factor,gasoline MJ/L=34.2,MJ,False,3065000.0,,3065000.0,1.3324989494290376,main_id
TECH-aa76f6f2-2023-11,2023,Energy,Natural gas,GJ,59198.0,,BC-MAIN-aa76f6f2,,CMP-d94be190,SRC_NewGoldInc_ESG_data_2023,59198000.0,direct_unit,gj→MJ factor=1000.0,MJ,False,3065000.0,,3065000.0,19.314192495921695,main_id
TECH-aa76f6f2-2023-13,2023,Energy,Propane,l,31049.5,,BC-MAIN-aa76f6f2,,CMP-d94be190,SRC_NewGoldInc_ESG_data_2023,785552.35,lhv_factor,propane MJ/L=25.3,MJ,False,3065000.0,,3065000.0,0.25629766721044045,main_id
TECH-GRP-0d911886-2023-1,2023,Energy,Biodiesel,GJ,23524.436671511,,,GRP-0d911886,CMP-4a434d72,SRC_NewmontCorporation_2023-Performance-data,23524436.671511002,direct_unit,gj→MJ factor=1000.0,MJ,False,,2911000.0,2911000.0,8.081221804023016,facility_group_id
TECH-GRP-0d911886-2023-3,2023,Energy,Diesel,GJ,623021.868616,,,GRP-0d911886,CMP-4a434d72,SRC_NewmontCorporation_2023-Performance-data,623021868.616,direct_unit,gj→MJ factor=1000.0,MJ,False,,2911000.0,2911000.0,214.0233145365854,facility_group_id
TECH-GRP-0d911886-2023-4,2023,Energy,Electricity consumption|Generated on-site,GJ,91025.4822599152,,,GRP-0d911886,CMP-4a434d72,SRC_NewmontCorporation_2023-Performance-data,91025482.2599152,direct_unit,gj→MJ factor=1000.0,MJ,False,,2911000.0,2911000.0,31.26948892473899,facility_group_id
TECH-GRP-0d911886-2023-5,2023,Energy,Gasoline,GJ,17195.8465,,,GRP-0d911886,CMP-4a434d72,SRC_NewmontCorporation_2023-Performance-data,17195846.5,direct_unit,gj→MJ factor=1000.0,MJ,False,,2911000.0,2911000.0,5.907195637238063,facility_group_id
TECH-GRP-0d911886-2023-6,2023,Energy,Grinding media,t,1932.222,"Explosives, treated as energy consumption",,GRP-0d911886,CMP-4a434d72,SRC_NewmontCorporation_Newmont-2023-Performance-Data-Tables-V4-locked,,missing_factor,No LHV for subflow=grinding_media,,True,,2911000.0,2911000.0,,facility_group_id
TECH-GRP-0d911886-2023-10,2023,Energy,Natural gas,GJ,166705.0,,,GRP-0d911886,CMP-4a434d72,SRC_NewmontCorporation_2023-Performance-data,166705000.0,direct_unit,gj→MJ factor=1000.0,MJ,False,,2911000.0,2911000.0,57.26726210924081,facility_group_id
TECH-GRP-0d911886-2023-12,2023,Energy,Propane,GJ,6336.0580703,,,GRP-0d911886,CMP-4a434d72,SRC_NewmontCorporation_2023-Performance-data,6336058.0703,direct_unit,gj→MJ factor=1000.0,MJ,False,,2911000.0,2911000.0,2.176591573445551,facility_group_id
TECH-GRP-0d911886-2023-16,2023,Energy,Electricity consumption|Grid electricity,GJ,723967.2,,,GRP-0d911886,CMP-4a434d72,SRC_NewmontCorporation_2023-Performance-data,723967200.0,direct_unit,gj→MJ factor=1000.0,MJ,False,,2911000.0,2911000.0,248.700515286843,facility_group_id
TECH-0aadf28f-2023-1,2023,Energy,Electricity consumption,GJ,2919222.0,,ON-MAIN-0aadf28f,,CMP-d94be190,SRC_NewGoldInc_ESG_data_2023,2919222000.0,direct_unit,gj→MJ factor=1000.0,MJ,False,8764000.0,,8764000.0,333.09242355089003,main_id
TECH-0aadf28f-2023-7,2023,Energy,Diesel,l,42378137.86,,ON-MAIN-0aadf28f,,CMP-d94be190,SRC_NewGoldInc_ESG_data_2023,1635796121.3960001,lhv_factor,diesel MJ/L=38.6,MJ,False,8764000.0,,8764000.0,186.64948897717937,main_id
TECH-0aadf28f-2023-8,2023,Energy,Explosives,kg,14805627.0,,ON-MAIN-0aadf28f,,CMP-d94be190,SRC_NewGoldInc_ESG_data_2023,59222508.0,lhv_factor,explosives MJ/kg=4.0 (from kg),MJ,False,8764000.0,,8764000.0,6.757474669100867,main_id
TECH-0aadf28f-2023-10,2023,Energy,Gasoline,l,1147190.1,,ON-MAIN-0aadf28f,,CMP-d94be190,SRC_NewGoldInc_ESG_data_2023,39233901.42000001,lhv_factor,gasoline MJ/L=34.2,MJ,False,8764000.0,,8764000.0,4.476711709265177,main_id
TECH-0aadf28f-2023-12,2023,Energy,Propane,l,3691412.93,,ON-MAIN-0aadf28f,,CMP-d94be190,SRC_NewGoldInc_ESG_data_2023,93392747.12900001,lhv_factor,propane MJ/L=25.3,MJ,False,8764000.0,,8764000.0,10.656406564240074,main_id
TECH-8eb8be0d-2023-1,2023,Energy,Electricity consumption|Generated on-site,GJ,5528.5667,,BC-MAIN-8eb8be0d,,CMP-4a434d72,SRC_NewmontCorporation_2023-Performance-data,5528566.7,direct_unit,gj→MJ factor=1000.0,MJ,False,1139000.0,,1139000.0,4.8538776997366115,main_id
TECH-8eb8be0d-2023-2,2023,Energy,Acetylene,GJ,2.0,,BC-MAIN-8eb8be0d,,CMP-4a434d72,SRC_NewmontCorporation_2023-Performance-data,2000.0,direct_unit,gj→MJ factor=1000.0,MJ,False,1139000.0,,1139000.0,0.001755926251097454,main_id
TECH-8eb8be0d-2023-3,2023,Energy,Aviation fuel,GJ,121071.915388,,BC-MAIN-8eb8be0d,,CMP-4a434d72,SRC_NewmontCorporation_2023-Performance-data,121071915.388,direct_unit,gj→MJ factor=1000.0,MJ,False,1139000.0,,1139000.0,106.29667725021949,main_id
TECH-8eb8be0d-2023-4,2023,Energy,Diesel,GJ,1361713.858312,,BC-MAIN-8eb8be0d,,CMP-4a434d72,SRC_NewmontCorporation_2023-Performance-data,1361713858.312,direct_unit,gj→MJ factor=1000.0,MJ,False,1139000.0,,1139000.0,1195.5345551466198,main_id
TECH-8eb8be0d-2023-5,2023,Energy,Electricity consumption|Grid electricity,GJ,1274584.3416,,BC-MAIN-8eb8be0d,,CMP-4a434d72,SRC_NewmontCorporation_2023-Performance-data,1274584341.6,direct_unit,gj→MJ factor=1000.0,MJ,False,1139000.0,,1139000.0,1119.0380523266022,main_id
TECH-8eb8be0d-2023-6,2023,Energy,Gasoline,GJ,25050.76,,BC-MAIN-8eb8be0d,,CMP-4a434d72,SRC_NewmontCorporation_2023-Performance-data,25050760.0,direct_unit,gj→MJ factor=1000.0,MJ,False,1139000.0,,1139000.0,21.99364354697103,main_id
TECH-8eb8be0d-2023-7,2023,Energy,Propane,GJ,80313.1858,,BC-MAIN-8eb8be0d,,CMP-4a434d72,SRC_NewmontCorporation_2023-Performance-data,80313185.80000001,direct_unit,gj→MJ factor=1000.0,MJ,False,1139000.0,,1139000.0,70.51201562774365,main_id
TECH-7f050560-2024-1,2024,Energy,Electricity consumption|Grid electricity,kWh,248298644.3585,,ON-MAIN-7f050560,,CMP-ca642bce,SRC_EvolutionMiningLtd_EVN_FY24-ESG-Performance-Data_web,893875119.6906,direct_unit,kwh→MJ factor=3.6,MJ,False,841000.0,,841000.0,1062.8717237700357,main_id
TECH-7f050560-2024-2,2024,Energy,Diesel,l,3116555.8,,ON-MAIN-7f050560,,CMP-ca642bce,SRC_EvolutionMiningLtd_EVN_FY24-ESG-Performance-Data_web,120299053.88,lhv_factor,diesel MJ/L=38.6,MJ,False,841000.0,,841000.0,143.04287024970273,main_id
TECH-7f050560-2024-3,2024,Energy,Gasoline,l,151631.5,,ON-MAIN-7f050560,,CMP-ca642bce,SRC_EvolutionMiningLtd_EVN_FY24-ESG-Performance-Data_web,5185797.300000001,lhv_factor,gasoline MJ/L=34.2,MJ,False,841000.0,,841000.0,6.166227467300833,main_id
TECH-7f050560-2024-4,2024,Energy,LPG,l,640677.799999999,,ON-MAIN-7f050560,,CMP-ca642bce,SRC_EvolutionMiningLtd_EVN_FY24-ESG-Performance-Data_web,16209148.339999976,lhv_factor,propane MJ/L=25.3,MJ,False,841000.0,,841000.0,19.273660332936952,main_id
TECH-7f050560-2024-5,2024,Energy,Natural gas,GJ,307233.0,,ON-MAIN-7f050560,,CMP-ca642bce,SRC_EvolutionMiningLtd_EVN_FY24-ESG-Performance-Data_web,307233000.0,direct_unit,gj→MJ factor=1000.0,MJ,False,841000.0,,841000.0,365.31866825208084,main_id
TECH-b64bae7a-2023-1,2023,Energy,Diesel,TJ,432.0,,NL-MAIN-b64bae7a,,CMP-8a99044e,SRC_TacoraResourcesInc._SR_2024,432000000.0,direct_unit,tj→MJ factor=1000000.0,MJ,False,3560000.0,,3560000.0,121.34831460674157,main_id
TECH-b64bae7a-2023-2,2023,Energy,Gasoline,TJ,12.0,,NL-MAIN-b64bae7a,,CMP-8a99044e,SRC_TacoraResourcesInc._SR_2024,12000000.0,direct_unit,tj→MJ factor=1000000.0,MJ,False,3560000.0,,3560000.0,3.3707865168539324,main_id
TECH-b64bae7a-2023-3,2023,Energy,Oil,TJ,1058.0,,NL-MAIN-b64bae7a,,CMP-8a99044e,SRC_TacoraResourcesInc._SR_2024,1058000000.0,direct_unit,tj→MJ factor=1000000.0,MJ,False,3560000.0,,3560000.0,297.19101123595505,main_id
TECH-b64bae7a-2023-4,2023,Energy,Propane,TJ,1.0,,NL-MAIN-b64bae7a,,CMP-8a99044e,SRC_TacoraResourcesInc._SR_2024,1000000.0,direct_unit,tj→MJ factor=1000000.0,MJ,False,3560000.0,,3560000.0,0.2808988764044944,main_id
TECH-b64bae7a-2023-5,2023,Energy,Electricity consumption|Grid electricity,TJ,1233.0,,NL-MAIN-b64bae7a,,CMP-8a99044e,SRC_TacoraResourcesInc._ESG_2024,1233000000.0,direct_unit,tj→MJ factor=1000000.0,MJ,False,3560000.0,,3560000.0,346.34831460674155,main_id
TECH-GRP-14bfbb82-2023-1,2023,Energy,Diesel,GJ,131655.0,,,GRP-14bfbb82,CMP-4a73c5f8,SRC_SSRMiningInc_ESG_2023,131655000.0,direct_unit,gj→MJ factor=1000.0,MJ,False,,122000.0,122000.0,1079.139344262295,facility_group_id
TECH-GRP-14bfbb82-2023-2,2023,Energy,Electricity consumption|Generated on-site,kWh,452775.0,,,GRP-14bfbb82,CMP-4a73c5f8,SRC_SSRMiningInc_ESG_2023,1629990.0,direct_unit,kwh→MJ factor=3.6,MJ,False,,122000.0,122000.0,13.360573770491802,facility_group_id
TECH-GRP-14bfbb82-2023-3,2023,Energy,Electricity consumption|Grid electricity,kWh,53673624.0,,,GRP-14bfbb82,CMP-4a73c5f8,SRC_SSRMiningInc_ESG_2023,193225046.4,direct_unit,kwh→MJ factor=3.6,MJ,False,,122000.0,122000.0,1583.811855737705,facility_group_id
TECH-GRP-14bfbb82-2023-4,2023,Energy,Other,GJ,10277.0,"Other types are electricity, diesel, natural gas, propane",,GRP-14bfbb82,CMP-4a73c5f8,SRC_SSRMiningInc_ESG_2023,10277000.0,direct_unit,gj→MJ factor=1000.0,MJ,False,,122000.0,122000.0,84.23770491803279,facility_group_id
TECH-GRP-14bfbb82-2023-5,2023,Energy,Propane,GJ,40177.0,,,GRP-14bfbb82,CMP-4a73c5f8,SRC_SSRMiningInc_ESG_2023,40177000.0,direct_unit,gj→MJ factor=1000.0,MJ,False,,122000.0,122000.0,329.3196721311475,facility_group_id
TECH-GRP-a13779f8-2023-1,2023,Energy,Electricity consumption,TJ,764.0,,,GRP-a13779f8,CMP-12afc634,SRC_HudbayMineralsInc_Hudbay-2023-Integrated-Annual-Report-Performance-Data,764000000.0,direct_unit,tj→MJ factor=1000000.0,MJ,False,,1562479.0,1562479.0,488.96657171072377,facility_group_id
TECH-GRP-a13779f8-2023-2,2023,Energy,Diesel,TJ,387.2,Share of primary energy source derived from the all group,,GRP-a13779f8,CMP-12afc634,SRC_HudbayMineralsInc_Hudbay-2023-Integrated-Annual-Report-Performance-Data,387200000.0,direct_unit,tj→MJ factor=1000000.0,MJ,False,,1562479.0,1562479.0,247.81133058428304,facility_group_id
TECH-GRP-a13779f8-2023-3,2023,Energy,Gasoline,TJ,1.76,Share of primary energy source derived from the all group,,GRP-a13779f8,CMP-12afc634,SRC_HudbayMineralsInc_Hudbay-2023-Integrated-Annual-Report-Performance-Data,1760000.0,direct_unit,tj→MJ factor=1000000.0,MJ,False,,1562479.0,1562479.0,1.1264151390194683,facility_group_id
TECH-GRP-a13779f8-2023-4,2023,Energy,Propane,TJ,48.4,Share of primary energy source derived from the all group,,GRP-a13779f8,CMP-12afc634,SRC_HudbayMineralsInc_Hudbay-2023-Integrated-Annual-Report-Performance-Data,48400000.0,direct_unit,tj→MJ factor=1000000.0,MJ,False,,1562479.0,1562479.0,30.97641632303538,facility_group_id
TECH-GRP-147b3123-2023-1,2023,Energy,Electricity consumption|Grid electricity,GJ,738226.8,,,GRP-147b3123,CMP-48a36546,SRC_PanAmericanSilverCorp_ESG_data_2023,738226800.0,direct_unit,gj→MJ factor=1000.0,MJ,False,,1574000.0,1574000.0,469.01321473951714,facility_group_id
TECH-GRP-147b3123-2023-2,2023,Energy,Ammonium nitrate,GJ,20.7,,,GRP-147b3123,CMP-48a36546,SRC_PanAmericanSilverCorp_ESG_data_2023,20700.0,direct_unit,gj→MJ factor=1000.0,MJ,False,,1574000.0,1574000.0,0.013151207115628972,facility_group_id
TECH-GRP-147b3123-2023-3,2023,Energy,Diesel,GJ,384285.8,,,GRP-147b3123,CMP-48a36546,SRC_PanAmericanSilverCorp_ESG_data_2023,384285800.0,direct_unit,gj→MJ factor=1000.0,MJ,False,,1574000.0,1574000.0,244.14599745870393,facility_group_id
TECH-GRP-147b3123-2023-4,2023,Energy,Dynamite,GJ,4889.799999999999,,,GRP-147b3123,CMP-48a36546,SRC_PanAmericanSilverCorp_ESG_data_2023,4889799.999999999,direct_unit,gj→MJ factor=1000.0,MJ,False,,1574000.0,1574000.0,3.106607369758576,facility_group_id
TECH-GRP-147b3123-2023-5,2023,Energy,Emulsions,GJ,2026.3,"Explosives, treated as energy consumption",,GRP-147b3123,CMP-48a36546,SRC_PanAmericanSilverCorp_ESG_data_2023,2026300.0,direct_unit,gj→MJ factor=1000.0,MJ,False,,1574000.0,1574000.0,1.2873570520965691,facility_group_id
TECH-GRP-147b3123-2023-6,2023,Energy,Gasoline,GJ,2946.1,,,GRP-147b3123,CMP-48a36546,SRC_PanAmericanSilverCorp_ESG_data_2023,2946100.0,direct_unit,gj→MJ factor=1000.0,MJ,False,,1574000.0,1574000.0,1.871728081321474,facility_group_id
TECH-GRP-147b3123-2023-7,2023,Energy,Natural gas,GJ,159325.59885,,,GRP-147b3123,CMP-48a36546,SRC_PanAmericanSilverCorp_ESG_data_2023,159325598.85000002,direct_unit,gj→MJ factor=1000.0,MJ,False,,1574000.0,1574000.0,101.22337919313851,facility_group_id
TECH-02884fb5-2023-1,2023,Energy,Electricity consumption|Grid electricity,GJ,525946.7,,QC-MAIN-02884fb5,,CMP-3d0a95b7,SRC_IAMGOLDCorporation_2023_iamgold-esg-performance-data-final_protected,525946699.99999994,direct_unit,gj→MJ factor=1000.0,MJ,False,1034000.0,,1034000.0,508.65251450676976,main_id
TECH-02884fb5-2023-2,2023,Energy,ANFO,GJ,1530.9,"Explosives, treated as energy consumption",QC-MAIN-02884fb5,,CMP-3d0a95b7,SRC_IAMGOLDCorporation_2023_iamgold-esg-performance-data-final_protected,1530900.0,direct_unit,gj→MJ factor=1000.0,MJ,False,1034000.0,,1034000.0,1.4805609284332688,main_id
TECH-02884fb5-2023-8,2023,Energy,Diesel,GJ,206946.0,,QC-MAIN-02884fb5,,CMP-3d0a95b7,SRC_IAMGOLDCorporation_2023_iamgold-esg-performance-data-final_protected,206946000.0,direct_unit,gj→MJ factor=1000.0,MJ,False,1034000.0,,1034000.0,200.14119922630562,main_id
TECH-02884fb5-2023-9,2023,Energy,Emulsion ANFO,GJ,4260.6,"Explosives, treated as energy consumption",QC-MAIN-02884fb5,,CMP-3d0a95b7,SRC_IAMGOLDCorporation_2023_iamgold-esg-performance-data-final_protected,4260600.0,direct_unit,gj→MJ factor=1000.0,MJ,False,1034000.0,,1034000.0,4.120502901353965,main_id
TECH-02884fb5-2023-10,2023,Energy,Explosives,t,1483.4,,QC-MAIN-02884fb5,,CMP-3d0a95b7,SRC_IAMGOLDCorporation_2023_iamgold-esg-performance-data-final_protected,5933600.0,lhv_factor,explosives MJ/kg=4.0 (from t),MJ,False,1034000.0,,1034000.0,5.738491295938104,main_id
TECH-02884fb5-2023-12,2023,Energy,Gasoline,GJ,3350.8,,QC-MAIN-02884fb5,,CMP-3d0a95b7,SRC_IAMGOLDCorporation_2023_iamgold-esg-performance-data-final_protected,3350800.0,direct_unit,gj→MJ factor=1000.0,MJ,False,1034000.0,,1034000.0,3.2406189555125726,main_id
TECH-02884fb5-2023-17,2023,Energy,Natural gas,GJ,63958.3,,QC-MAIN-02884fb5,,CMP-3d0a95b7,SRC_IAMGOLDCorporation_2023_iamgold-esg-performance-data-final_protected,63958300.0,direct_unit,gj→MJ factor=1000.0,MJ,False,1034000.0,,1034000.0,61.85522243713733,main_id
TECH-02884fb5-2023-18,2023,Energy,Propane,GJ,33.0,,QC-MAIN-02884fb5,,CMP-3d0a95b7,SRC_IAMGOLDCorporation_2023_iamgold-esg-performance-data-final_protected,33000.0,direct_unit,gj→MJ factor=1000.0,MJ,False,1034000.0,,1034000.0,0.031914893617021274,main_id
TECH-7607a50e-2023-1,2023,Energy,Electricity consumption|Generated on-site,GJ,475.0,,ON-MAIN-7607a50e,,CMP-3a4ccc7f,SRC_AlamosGoldInc_Data_2023,475000.0,direct_unit,gj→MJ factor=1000.0,MJ,False,2878047.0,,2878047.0,0.165042474983904,main_id
TECH-7607a50e-2023-2,2023,Energy,Electricity consumption|Grid electricity,GJ,960748.0,,ON-MAIN-7607a50e,,CMP-3a4ccc7f,SRC_AlamosGoldInc_Data_2023,960748000.0,direct_unit,gj→MJ factor=1000.0,MJ,False,2878047.0,,2878047.0,333.81942685439117,main_id
TECH-7607a50e-2023-3,2023,Energy,Diesel,GJ,140100.0,,ON-MAIN-7607a50e,,CMP-3a4ccc7f,SRC_AlamosGoldInc_Data_2023,140100000.0,direct_unit,gj→MJ factor=1000.0,MJ,False,2878047.0,,2878047.0,48.6788436741999,main_id
TECH-7607a50e-2023-4,2023,Energy,Gasoline,GJ,2124.0,,ON-MAIN-7607a50e,,CMP-3a4ccc7f,SRC_AlamosGoldInc_Data_2023,2124000.0,direct_unit,gj→MJ factor=1000.0,MJ,False,2878047.0,,2878047.0,0.7380004565596044,main_id
TECH-7607a50e-2023-5,2023,Energy,Naphta,GJ,6344.0,,ON-MAIN-7607a50e,,CMP-3a4ccc7f,SRC_AlamosGoldInc_Data_2023,6344000.0,direct_unit,gj→MJ factor=1000.0,MJ,False,2878047.0,,2878047.0,2.2042725501008147,main_id
TECH-7607a50e-2023-6,2023,Energy,Natural gas,GJ,221612.0,,ON-MAIN-7607a50e,,CMP-3a4ccc7f,SRC_AlamosGoldInc_Data_2023,221612000.0,direct_unit,gj→MJ factor=1000.0,MJ,False,2878047.0,,2878047.0,77.00082729712197,main_id
TECH-7607a50e-2023-7,2023,Energy,Total blasting agents used e.g. ANFO,t,2599.5,"Explosives, treated as energy consumption",ON-MAIN-7607a50e,,CMP-3a4ccc7f,SRC_AlamosGoldInc_Data_2023,,missing_factor,No LHV for subflow=total_blasting_agents_used_e.g._anfo,,True,2878047.0,,2878047.0,,main_id
