main_id,facility_group_id,flow_type,subflow_type,value_MJ,site_id,activity_name,metal,mass_t,allocation_factor,value_normalized,functional_unit,normalization_key
BC-MAIN-857b7b89,,Energy,Acetylene,18475.650648,BC-MAIN-857b7b89,"Au, Underground mining and beneficiation at Brucejack",Au,0.9020015,1.0,20482.948917490714,"Au, usable ore",metal_economic
BC-MAIN-8eb8be0d,,Energy,Acetylene,2000.0,BC-MAIN-8eb8be0d,"Au and Cu, Open-pit mining and beneficiation at Red Chris",Au,0.1555175,0.24339693192888107,3130.154894836672,"Au, usable ore",metal_economic
BC-MAIN-8eb8be0d,,Energy,Acetylene,2000.0,BC-MAIN-8eb8be0d,"Au and Cu, Open-pit mining and beneficiation at Red Chris",Cu,3628.736,0.7566030680711189,0.4170064000638894,"Cu, usable ore",metal_economic
,GRP-147b3123,Energy,Ammonium nitrate,20700.0,GRP-147b3123,"Au and Ag, Underground mining and beneficiation at Timmins Operation",Au,4.13365515,0.9984400951957737,4999.863128532266,"Au, usable ore",metal_economic
,GRP-147b3123,Energy,Ammonium nitrate,20700.0,GRP-147b3123,"Au and Ag, Underground mining and beneficiation at Timmins Operation",Ag,0.497656,0.0015599048042262292,64.88423619424451,"Ag, usable ore",metal_economic
QC-MAIN-02884fb5,,Energy,ANFO,1530900.0,QC-MAIN-02884fb5,"Au and Ag, Underground mining and beneficiation at Westwood-Doyon",Au,2.8926255,0.994897522565433,526541.9312992371,"Au, usable ore",metal_economic
QC-MAIN-02884fb5,,Energy,ANFO,1530900.0,QC-MAIN-02884fb5,"Au and Ag, Underground mining and beneficiation at Westwood-Doyon",Ag,1.143178039,0.005102477434567,6833.041256995858,"Ag, usable ore",metal_economic
BC-MAIN-857b7b89,,Energy,Aviation fuel,72676110.7896,BC-MAIN-857b7b89,"Au, Underground mining and beneficiation at Brucejack",Au,0.9020015,1.0,80572050.92186654,"Au, usable ore",metal_economic
QC-MAIN-6dc537e6,,Energy,Aviation fuel,21662098.880000003,QC-MAIN-6dc537e6,"Au and Ag, Underground mining and beneficiation at Éléonore",Au,7.216012,0.9993384328257033,2999962.852951828,"Au, usable ore",metal_economic
QC-MAIN-6dc537e6,,Energy,Aviation fuel,21662098.880000003,QC-MAIN-6dc537e6,"Au and Ag, Underground mining and beneficiation at Éléonore",Ag,0.368109922499999,0.0006615671742966747,38931.12537703137,"Ag, usable ore",metal_economic
ON-MAIN-fefeaee4,,Energy,Aviation fuel,27653229.04,ON-MAIN-fefeaee4,"Au, Underground mining and beneficiation at Musselwhite",Au,5.59863,1.0,4939284.975074259,"Au, usable ore",metal_economic
BC-MAIN-8eb8be0d,,Energy,Aviation fuel,121071915.388,BC-MAIN-8eb8be0d,"Au and Cu, Open-pit mining and beneficiation at Red Chris",Au,0.1555175,0.24339693192888107,189486924.2894998,"Au, usable ore",metal_economic
BC-MAIN-8eb8be0d,,Energy,Aviation fuel,121071915.388,BC-MAIN-8eb8be0d,"Au and Cu, Open-pit mining and beneficiation at Red Chris",Cu,3628.736,0.7566030680711189,25243.881792394848,"Cu, usable ore",metal_economic
ON-MAIN-fefeaee4,,Energy,Biodiesel,11770370.2287417,ON-MAIN-fefeaee4,"Au, Underground mining and beneficiation at Musselwhite",Au,5.59863,1.0,2102366.155424041,"Au, usable ore",metal_economic
,GRP-0d911886,Energy,Biodiesel,23524436.671511002,GRP-0d911886,"Au, Open-pit and underground mining at Porcupine complex",Au,8.08691,1.0,2908952.451741271,"Au, usable ore",metal_economic
BC-MAIN-857b7b89,,Energy,Diesel,287042447.23154205,BC-MAIN-857b7b89,"Au, Underground mining and beneficiation at Brucejack",Au,0.9020015,1.0,318228347.9922617,"Au, usable ore",metal_economic
QC-MAIN-e7e6a960,,Energy,Diesel,2557832000.0,QC-MAIN-e7e6a960,"Au and Ag, Open-pit mining and beneficiation at Canadian Malartic",Au,21.29470024,0.9941583428153883,119414220.14213665,"Au, usable ore",metal_economic
QC-MAIN-e7e6a960,,Energy,Diesel,2557832000.0,QC-MAIN-e7e6a960,"Au and Ag, Open-pit mining and beneficiation at Canadian Malartic",Ag,9.642085,0.005841657184611681,1549662.5138473334,"Ag, usable ore",metal_economic
BC-MAIN-599152a0,,Energy,Diesel,80960000.0,BC-MAIN-599152a0,"Au and Ag and Cu, Open-pit mining and beneficiation at Copper Mountain",Au,0.275203767999999,0.0948587647028309,27905742.883364946,"Au, usable ore",metal_economic
BC-MAIN-599152a0,,Energy,Diesel,80960000.0,BC-MAIN-599152a0,"Au and Ag and Cu, Open-pit mining and beneficiation at Copper Mountain",Ag,6.789334187,0.030369060449188304,362138.47576896206,"Ag, usable ore",metal_economic
BC-MAIN-599152a0,,Energy,Diesel,80960000.0,BC-MAIN-599152a0,"Au and Ag and Cu, Open-pit mining and beneficiation at Copper Mountain",Cu,19050.0,0.8747721748479808,3717.6669436059065,"Cu, usable ore",metal_economic
ON-MAIN-aeafbb59,,Energy,Diesel,3947008000.0,ON-MAIN-aeafbb59,"Au and Ag, Open-pit mining and beneficiation at Detour Lake",Au,21.070941661,0.9984889572357906,187036913.94180843,"Au, usable ore",metal_economic
ON-MAIN-aeafbb59,,Energy,Diesel,3947008000.0,ON-MAIN-aeafbb59,"Au and Ag, Open-pit mining and beneficiation at Detour Lake",Ag,2.4571765,0.0015110427642093859,2427215.9035692224,"Ag, usable ore",metal_economic
ON-MAIN-cb85213a,,Energy,Diesel,101575245.0,ON-MAIN-cb85213a,"Au, Underground mining and beneficiation at Eagle River",Au,2.7205298345,1.0,37336567.2053614,"Au, usable ore",metal_economic
QC-MAIN-6dc537e6,,Energy,Diesel,385327797.4,QC-MAIN-6dc537e6,"Au and Ag, Underground mining and beneficiation at Éléonore",Au,7.216012,0.9993384328257033,53363669.181522444,"Au, usable ore",metal_economic
QC-MAIN-6dc537e6,,Energy,Diesel,385327797.4,QC-MAIN-6dc537e6,"Au and Ag, Underground mining and beneficiation at Éléonore",Ag,0.368109922499999,0.0006615671742966747,692511.1400763184,"Ag, usable ore",metal_economic
BC-MAIN-6b4800fe,,Energy,Diesel,1683653000.0,BC-MAIN-6b4800fe,"Cu and Mo, Open-pit mining and beneficiation at Gibraltar",Cu,55610.3792,0.960110067742726,29068.1743073826,"Cu, usable ore",metal_economic
BC-MAIN-6b4800fe,,Energy,Diesel,1683653000.0,BC-MAIN-6b4800fe,"Cu and Mo, Open-pit mining and beneficiation at Gibraltar",Mo,545.217584,0.03988993225727399,123181.65460114017,"Mo, usable ore",metal_economic
QC-MAIN-c0660aec,,Energy,Diesel,129455000.0,QC-MAIN-c0660aec,"Au and Ag and Zn, Underground mining and beneficiation at Goldex",Au,4.38505127595036,0.9993729627305309,29503378.35268347,"Au, usable ore",metal_economic
QC-MAIN-c0660aec,,Energy,Diesel,129455000.0,QC-MAIN-c0660aec,"Au and Ag and Zn, Underground mining and beneficiation at Goldex",Ag,0.062207,0.00018398111989734523,382871.31474449544,"Ag, usable ore",metal_economic
QC-MAIN-c0660aec,,Energy,Diesel,129455000.0,QC-MAIN-c0660aec,"Au and Ag and Zn, Underground mining and beneficiation at Goldex",Zn,39.036758,0.0004430561495717726,1469.2775932574582,"Zn, usable ore",metal_economic
ON-MAIN-687b8c8d,,Energy,Diesel,211308000.0,ON-MAIN-687b8c8d,"Au, Underground mining and beneficiation at Island",Au,4.0869999,1.0,51702472.51535288,"Au, usable ore",metal_economic
QC-MAIN-9de9bb0d,,Energy,Diesel,42655140.0,QC-MAIN-9de9bb0d,"Au and Ag, Open-pit mining and beneficiation at Kiena",Au,1.1053250795,0.9989391993518907,38549646.78727604,"Au, usable ore",metal_economic
QC-MAIN-9de9bb0d,,Energy,Diesel,42655140.0,QC-MAIN-9de9bb0d,"Au and Ag, Open-pit mining and beneficiation at Kiena",Ag,0.090448978,0.0010608006481092256,500266.57191405474,"Ag, usable ore",metal_economic
ON-MAIN-a3c56a83,,Energy,Diesel,497248345.0,ON-MAIN-a3c56a83,"Pt, Open-pit and underground mining and beneficiation at Lac des Iles",Pt,38.319512,1.0,12976374.673038634,"Pt, usable ore",metal_economic
QC-MAIN-e51eda66,,Energy,Diesel,391146000.0,QC-MAIN-e51eda66,"Au and Ag and Cu and Zn, Underground mining and beneficiation at LaRonde",Au,9.5378411985464,0.8726535901097445,35787444.35471276,"Au, usable ore",metal_economic
QC-MAIN-e51eda66,,Energy,Diesel,391146000.0,QC-MAIN-e51eda66,"Au and Ag and Cu and Zn, Underground mining and beneficiation at LaRonde",Ag,18.288858,0.02171498137645696,464420.9116542779,"Ag, usable ore",metal_economic
QC-MAIN-e51eda66,,Energy,Diesel,391146000.0,QC-MAIN-e51eda66,"Au and Ag and Cu and Zn, Underground mining and beneficiation at LaRonde",Cu,7702.438517,0.09388515425114112,4767.6852549574005,"Cu, usable ore",metal_economic
QC-MAIN-e51eda66,,Energy,Diesel,391146000.0,QC-MAIN-e51eda66,"Au and Ag and Cu and Zn, Underground mining and beneficiation at LaRonde",Zn,2577.960375,0.011746274262657456,1782.2260719354201,"Zn, usable ore",metal_economic
ON-MAIN-1f126a43,,Energy,Diesel,91423000.0,ON-MAIN-1f126a43,"Au, Underground mining and beneficiation at Macassa",Au,7.1082383725,1.0,12861555.171488447,"Au, usable ore",metal_economic
,GRP-0a2c0d69,Energy,Diesel,3590887000.0,GRP-0a2c0d69,"Au and Ag, Open-pit and underground mining at Meadowbank complex",Au,13.4263118300476,0.996256182622859,266450192.73601714,"Au, usable ore",metal_economic
,GRP-0a2c0d69,Energy,Diesel,3590887000.0,GRP-0a2c0d69,"Au and Ag, Open-pit and underground mining at Meadowbank complex",Ag,3.8879375,0.003743817377141018,3457778.1021299283,"Ag, usable ore",metal_economic
NU-MAIN-8b0264c9,,Energy,Diesel,1944158000.0,NU-MAIN-8b0264c9,"Au and Ag, Open-pit and underground mining and beneficiation at Meliadine",Au,11.3260595934999,0.9990387030204059,171488510.25836366,"Au, usable ore",metal_economic
NU-MAIN-8b0264c9,,Energy,Diesel,1944158000.0,NU-MAIN-8b0264c9,"Au and Ag, Open-pit and underground mining and beneficiation at Meliadine",Ag,0.8397945,0.0009612969795941015,2225441.1207190678,"Ag, usable ore",metal_economic
BC-MAIN-ed23117f,,Energy,Diesel,,BC-MAIN-ed23117f,"Au and Cu, Open-pit mining and beneficiation at Mount Milligan",Au,4.8021004685,0.5622849655905816,,"Au, usable ore",metal_economic
BC-MAIN-ed23117f,,Energy,Diesel,,BC-MAIN-ed23117f,"Au and Cu, Open-pit mining and beneficiation at Mount Milligan",Cu,28060.108304,0.43771503440941845,,"Cu, usable ore",metal_economic
ON-MAIN-fefeaee4,,Energy,Diesel,308614730.821,ON-MAIN-fefeaee4,"Au, Underground mining and beneficiation at Musselwhite",Au,5.59863,1.0,55123258.87243843,"Au, usable ore",metal_economic
BC-MAIN-aa76f6f2,,Energy,Diesel,170965251.5905,BC-MAIN-aa76f6f2,"Au and Cu, Underground mining and beneficiation at New Afton",Au,2.0974023155,0.42271710025276227,34456877.854209706,"Au, usable ore",metal_economic
BC-MAIN-aa76f6f2,,Energy,Diesel,170965251.5905,BC-MAIN-aa76f6f2,"Au and Cu, Underground mining and beneficiation at New Afton",Cu,21500.2608,0.5772828997472378,4590.4241400727515,"Cu, usable ore",metal_economic
,GRP-0d911886,Energy,Diesel,623021868.616,GRP-0d911886,"Au, Open-pit and underground mining at Porcupine complex",Au,8.08691,1.0,77040781.78389522,"Au, usable ore",metal_economic
ON-MAIN-0aadf28f,,Energy,Diesel,1521587039.8633,ON-MAIN-0aadf28f,"Au, Open-pit and underground mining and beneficiation at Rainy River",Au,7.89235760749999,1.0,192792460.19178838,"Au, usable ore",metal_economic
BC-MAIN-8eb8be0d,,Energy,Diesel,1361713858.312,BC-MAIN-8eb8be0d,"Au and Cu, Open-pit mining and beneficiation at Red Chris",Au,0.1555175,0.24339693192888107,2131187649.4811184,"Au, usable ore",metal_economic
BC-MAIN-8eb8be0d,,Energy,Diesel,1361713858.312,BC-MAIN-8eb8be0d,"Au and Cu, Open-pit mining and beneficiation at Red Chris",Cu,3628.736,0.7566030680711189,283921.6969858982,"Cu, usable ore",metal_economic
ON-MAIN-7f050560,,Energy,Diesel,111899935.999,ON-MAIN-7f050560,"Au, Underground mining and beneficiation at Red Lake",Au,3.50536445,1.0,31922482.696200103,"Au, usable ore",metal_economic
NL-MAIN-b64bae7a,,Energy,Diesel,432000000.0,NL-MAIN-b64bae7a,"Fe, Open-pit mining and beneficiation at Scully",Fe,895553.6000000001,1.0,482.3831873379773,"Fe, usable ore",metal_economic
,GRP-14bfbb82,Energy,Diesel,131655000.0,GRP-14bfbb82,"Au, Underground mining and beneficiation at Seabee Gold Operation",Au,1.2054783495,1.0,109213906.7073307,"Au, usable ore",metal_economic
,GRP-a13779f8,Energy,Diesel,387200000.0,GRP-a13779f8,"Au and Ag and Cu and Zn, Underground mining and beneficiation at Snow Lake",Au,5.8276450705,0.6124179191730442,40690230.00459731,"Au, usable ore",metal_economic
,GRP-a13779f8,Energy,Diesel,387200000.0,GRP-a13779f8,"Au and Ag and Cu and Zn, Underground mining and beneficiation at Snow Lake",Ag,26.4915663305,0.036127966204618486,528045.3537518049,"Ag, usable ore",metal_economic
,GRP-a13779f8,Energy,Diesel,387200000.0,GRP-a13779f8,"Au and Ag and Cu and Zn, Underground mining and beneficiation at Snow Lake",Cu,12154.0,0.1701574307878526,5420.845581788425,"Cu, usable ore",metal_economic
,GRP-a13779f8,Energy,Diesel,387200000.0,GRP-a13779f8,"Au and Ag and Cu and Zn, Underground mining and beneficiation at Snow Lake",Zn,34642.0,0.1812966838344847,2026.3863512704945,"Zn, usable ore",metal_economic
,GRP-147b3123,Energy,Diesel,384285800.0,GRP-147b3123,"Au and Ag, Underground mining and beneficiation at Timmins Operation",Au,4.13365515,0.9984400951957737,92820116.05017029,"Au, usable ore",metal_economic
,GRP-147b3123,Energy,Diesel,384285800.0,GRP-147b3123,"Au and Ag, Underground mining and beneficiation at Timmins Operation",Ag,0.497656,0.0015599048042262292,1204545.4402557588,"Ag, usable ore",metal_economic
QC-MAIN-02884fb5,,Energy,Diesel,206946000.0,QC-MAIN-02884fb5,"Au and Ag, Underground mining and beneficiation at Westwood-Doyon",Au,2.8926255,0.994897522565433,71177573.0058475,"Au, usable ore",metal_economic
QC-MAIN-02884fb5,,Energy,Diesel,206946000.0,QC-MAIN-02884fb5,"Au and Ag, Underground mining and beneficiation at Westwood-Doyon",Ag,1.143178039,0.005102477434567,923685.7769745019,"Ag, usable ore",metal_economic
ON-MAIN-7607a50e,,Energy,Diesel,140100000.0,ON-MAIN-7607a50e,"Au, Underground mining and beneficiation at Young-Davidson",Au,5.75725784999999,1.0,24334501.537046887,"Au, usable ore",metal_economic
QC-MAIN-b86f7d07,,Energy,Diesel|Mobile equipment,378542030.29396677,QC-MAIN-b86f7d07,"Au and Ag, Open-pit and underground mining and beneficiation at Casa Berardi",Au,2.69356309999999,0.9963866796430149,140027993.65269464,"Au, usable ore",metal_economic
QC-MAIN-b86f7d07,,Energy,Diesel|Mobile equipment,378542030.29396677,QC-MAIN-b86f7d07,"Au and Ag, Open-pit and underground mining and beneficiation at Casa Berardi",Ag,0.7527047,0.0036133203569852276,1817171.6265830528,"Ag, usable ore",metal_economic
YT-MAIN-44857446,,Energy,Diesel|Mobile equipment,55697075.44526765,YT-MAIN-44857446,"Ag and Zn and Pb, Underground mining and beneficiation at Keno Hill Silver District",Ag,46.7354037195,0.8400656382176023,1001151.0655092568,"Ag, usable ore",metal_economic
YT-MAIN-44857446,,Energy,Diesel|Mobile equipment,55697075.44526765,YT-MAIN-44857446,"Ag and Zn and Pb, Underground mining and beneficiation at Keno Hill Silver District",Zn,1339.0,0.09236316898100091,3841.940546003594,"Zn, usable ore",metal_economic
YT-MAIN-44857446,,Energy,Diesel|Mobile equipment,55697075.44526765,YT-MAIN-44857446,"Ag and Zn and Pb, Underground mining and beneficiation at Keno Hill Silver District",Pb,1225.0,0.06757119280139672,3072.259447662138,"Pb, usable ore",metal_economic
QC-MAIN-f9e41c2a,,Energy,Diesel|Mobile equipment,191632000.0,QC-MAIN-f9e41c2a,"Au and Ag, Underground mining and beneficiation at Lamaque",Au,5.5074656415,0.9946873687025972,34610098.77263637,"Au, usable ore",metal_economic
QC-MAIN-f9e41c2a,,Energy,Diesel|Mobile equipment,191632000.0,QC-MAIN-f9e41c2a,"Au and Ag, Underground mining and beneficiation at Lamaque",Ag,2.266698666,0.0053126312974027855,449142.2596460339,"Ag, usable ore",metal_economic
QC-MAIN-f9e41c2a,,Energy,Diesel|Stationary equipment,181000.0,QC-MAIN-f9e41c2a,"Au and Ag, Underground mining and beneficiation at Lamaque",Au,5.5074656415,0.9946873687025972,32689.884141725714,"Au, usable ore",metal_economic
QC-MAIN-f9e41c2a,,Energy,Diesel|Stationary equipment,181000.0,QC-MAIN-f9e41c2a,"Au and Ag, Underground mining and beneficiation at Lamaque",Ag,2.266698666,0.0053126312974027855,424.2232455744977,"Ag, usable ore",metal_economic
,GRP-147b3123,Energy,Dynamite,4889799.999999999,GRP-147b3123,"Au and Ag, Underground mining and beneficiation at Timmins Operation",Au,4.13365515,0.9984400951957737,1181078.779028844,"Au, usable ore",metal_economic
,GRP-147b3123,Energy,Dynamite,4889799.999999999,GRP-147b3123,"Au and Ag, Underground mining and beneficiation at Timmins Operation",Ag,0.497656,0.0015599048042262292,15327.098460995976,"Ag, usable ore",metal_economic
BC-MAIN-599152a0,,Energy,Electricity consumption,1968000000.0,BC-MAIN-599152a0,"Au and Ag and Cu, Open-pit mining and beneficiation at Copper Mountain",Au,0.275203767999999,0.0948587647028309,678341180.7616379,"Au, usable ore",metal_economic
BC-MAIN-599152a0,,Energy,Electricity consumption,1968000000.0,BC-MAIN-599152a0,"Au and Ag and Cu, Open-pit mining and beneficiation at Copper Mountain",Ag,6.789334187,0.030369060449188304,8802970.853672398,"Ag, usable ore",metal_economic
BC-MAIN-599152a0,,Energy,Electricity consumption,1968000000.0,BC-MAIN-599152a0,"Au and Ag and Cu, Open-pit mining and beneficiation at Copper Mountain",Cu,19050.0,0.8747721748479808,90370.16483468903,"Cu, usable ore",metal_economic
ON-MAIN-0aadf28f,,Energy,Electricity consumption,2919222000.0,ON-MAIN-0aadf28f,"Au, Open-pit and underground mining and beneficiation at Rainy River",Au,7.89235760749999,1.0,369879590.50739247,"Au, usable ore",metal_economic
,GRP-a13779f8,Energy,Electricity consumption,764000000.0,GRP-a13779f8,"Au and Ag and Cu and Zn, Underground mining and beneficiation at Snow Lake",Au,5.8276450705,0.6124179191730442,80287540.6082447,"Au, usable ore",metal_economic
,GRP-a13779f8,Energy,Electricity consumption,764000000.0,GRP-a13779f8,"Au and Ag and Cu and Zn, Underground mining and beneficiation at Snow Lake",Ag,26.4915663305,0.036127966204618486,1041907.6711425077,"Ag, usable ore",metal_economic
,GRP-a13779f8,Energy,Electricity consumption,764000000.0,GRP-a13779f8,"Au and Ag and Cu and Zn, Underground mining and beneficiation at Snow Lake",Cu,12154.0,0.1701574307878526,10696.089939272617,"Cu, usable ore",metal_economic
,GRP-a13779f8,Energy,Electricity consumption,764000000.0,GRP-a13779f8,"Au and Ag and Cu and Zn, Underground mining and beneficiation at Snow Lake",Zn,34642.0,0.1812966838344847,3998.3449699655416,"Zn, usable ore",metal_economic
BC-MAIN-857b7b89,,Energy,Electricity consumption|Generated on-site,86225117.39559999,BC-MAIN-857b7b89,"Au, Underground mining and beneficiation at Brucejack",Au,0.9020015,1.0,95593097.5675761,"Au, usable ore",metal_economic
ON-MAIN-cb85213a,,Energy,Electricity consumption|Generated on-site,123086231.99999999,ON-MAIN-cb85213a,"Au, Underground mining and beneficiation at Eagle River",Au,2.7205298345,1.0,45243478.10455889,"Au, usable ore",metal_economic
QC-MAIN-6dc537e6,,Energy,Electricity consumption|Generated on-site,3531106.8,QC-MAIN-6dc537e6,"Au and Ag, Underground mining and beneficiation at Éléonore",Au,7.216012,0.9993384328257033,489019.52153796086,"Au, usable ore",metal_economic
QC-MAIN-6dc537e6,,Energy,Electricity consumption|Generated on-site,3531106.8,QC-MAIN-6dc537e6,"Au and Ag, Underground mining and beneficiation at Éléonore",Ag,0.368109922499999,0.0006615671742966747,6346.105347963771,"Ag, usable ore",metal_economic
ON-MAIN-687b8c8d,,Energy,Electricity consumption|Generated on-site,717000.0,ON-MAIN-687b8c8d,"Au, Underground mining and beneficiation at Island",Au,4.0869999,1.0,175434.30818288005,"Au, usable ore",metal_economic
QC-MAIN-9de9bb0d,,Energy,Electricity consumption|Generated on-site,38464200.0,QC-MAIN-9de9bb0d,"Au and Ag, Open-pit mining and beneficiation at Kiena",Au,1.1053250795,0.9989391993518907,34762078.47296112,"Au, usable ore",metal_economic
QC-MAIN-9de9bb0d,,Energy,Electricity consumption|Generated on-site,38464200.0,QC-MAIN-9de9bb0d,"Au and Ag, Open-pit mining and beneficiation at Kiena",Ag,0.090448978,0.0010608006481092256,451114.53099008894,"Ag, usable ore",metal_economic
,GRP-0a2c0d69,Energy,Electricity consumption|Generated on-site,593954510.4,GRP-0a2c0d69,"Au and Ag, Open-pit and underground mining at Meadowbank complex",Au,13.4263118300476,0.996256182622859,44072479.52177461,"Au, usable ore",metal_economic
,GRP-0a2c0d69,Energy,Electricity consumption|Generated on-site,593954510.4,GRP-0a2c0d69,"Au and Ag, Open-pit and underground mining at Meadowbank complex",Ag,3.8879375,0.003743817377141018,571937.490576123,"Ag, usable ore",metal_economic
NU-MAIN-8b0264c9,,Energy,Electricity consumption|Generated on-site,477755733.6,NU-MAIN-8b0264c9,"Au and Ag, Open-pit and underground mining and beneficiation at Meliadine",Au,11.3260595934999,0.9990387030204059,42141440.67635227,"Au, usable ore",metal_economic
NU-MAIN-8b0264c9,,Energy,Electricity consumption|Generated on-site,477755733.6,NU-MAIN-8b0264c9,"Au and Ag, Open-pit and underground mining and beneficiation at Meliadine",Ag,0.8397945,0.0009612969795941015,546878.0084811752,"Ag, usable ore",metal_economic
ON-MAIN-fefeaee4,,Energy,Electricity consumption|Generated on-site,3808984.28206273,ON-MAIN-fefeaee4,"Au, Underground mining and beneficiation at Musselwhite",Au,5.59863,1.0,680342.205515051,"Au, usable ore",metal_economic
BC-MAIN-aa76f6f2,,Energy,Electricity consumption|Generated on-site,56414676.5,BC-MAIN-aa76f6f2,"Au and Cu, Underground mining and beneficiation at New Afton",Au,2.0974023155,0.42271710025276227,11369992.435663281,"Au, usable ore",metal_economic
BC-MAIN-aa76f6f2,,Energy,Electricity consumption|Generated on-site,56414676.5,BC-MAIN-aa76f6f2,"Au and Cu, Underground mining and beneficiation at New Afton",Cu,21500.2608,0.5772828997472378,1514.7364183704392,"Cu, usable ore",metal_economic
,GRP-0d911886,Energy,Electricity consumption|Generated on-site,91025482.2599152,GRP-0d911886,"Au, Open-pit and underground mining at Porcupine complex",Au,8.08691,1.0,11255903.955888616,"Au, usable ore",metal_economic
BC-MAIN-8eb8be0d,,Energy,Electricity consumption|Generated on-site,5528566.7,BC-MAIN-8eb8be0d,"Au and Cu, Open-pit mining and beneficiation at Red Chris",Au,0.1555175,0.24339693192888107,8652635.058718013,"Au, usable ore",metal_economic
BC-MAIN-8eb8be0d,,Energy,Electricity consumption|Generated on-site,5528566.7,BC-MAIN-8eb8be0d,"Au and Cu, Open-pit mining and beneficiation at Red Chris",Cu,3628.736,0.7566030680711189,1152.7238485400485,"Cu, usable ore",metal_economic
,GRP-14bfbb82,Energy,Electricity consumption|Generated on-site,1629990.0,GRP-14bfbb82,"Au, Underground mining and beneficiation at Seabee Gold Operation",Au,1.2054783495,1.0,1352152.0321589152,"Au, usable ore",metal_economic
ON-MAIN-7607a50e,,Energy,Electricity consumption|Generated on-site,475000.0,ON-MAIN-7607a50e,"Au, Underground mining and beneficiation at Young-Davidson",Au,5.75725784999999,1.0,82504.55553245732,"Au, usable ore",metal_economic
BC-MAIN-857b7b89,,Energy,Electricity consumption|Grid electricity,569009584.8,BC-MAIN-857b7b89,"Au, Underground mining and beneficiation at Brucejack",Au,0.9020015,1.0,630829976.2250949,"Au, usable ore",metal_economic
QC-MAIN-e7e6a960,,Energy,Electricity consumption|Grid electricity,2428287789.6,QC-MAIN-e7e6a960,"Au and Ag, Open-pit mining and beneficiation at Canadian Malartic",Au,21.29470024,0.9941583428153883,113366355.83406447,"Au, usable ore",metal_economic
QC-MAIN-e7e6a960,,Energy,Electricity consumption|Grid electricity,2428287789.6,QC-MAIN-e7e6a960,"Au and Ag, Open-pit mining and beneficiation at Canadian Malartic",Ag,9.642085,0.005841657184611681,1471178.1541462927,"Ag, usable ore",metal_economic
ON-MAIN-aeafbb59,,Energy,Electricity consumption|Grid electricity,2991452173.2000003,ON-MAIN-aeafbb59,"Au and Ag, Open-pit mining and beneficiation at Detour Lake",Au,21.070941661,0.9984889572357906,141755978.87813866,"Au, usable ore",metal_economic
ON-MAIN-aeafbb59,,Energy,Electricity consumption|Grid electricity,2991452173.2000003,ON-MAIN-aeafbb59,"Au and Ag, Open-pit mining and beneficiation at Detour Lake",Ag,2.4571765,0.0015110427642093859,1839596.0407371235,"Ag, usable ore",metal_economic
ON-MAIN-cb85213a,,Energy,Electricity consumption|Grid electricity,138799368.00000003,ON-MAIN-cb85213a,"Au, Underground mining and beneficiation at Eagle River",Au,2.7205298345,1.0,51019241.26684302,"Au, usable ore",metal_economic
QC-MAIN-6dc537e6,,Energy,Electricity consumption|Grid electricity,892229950.44,QC-MAIN-6dc537e6,"Au and Ag, Underground mining and beneficiation at Éléonore",Au,7.216012,0.9993384328257033,123564051.77719557,"Au, usable ore",metal_economic
QC-MAIN-6dc537e6,,Energy,Electricity consumption|Grid electricity,892229950.44,QC-MAIN-6dc537e6,"Au and Ag, Underground mining and beneficiation at Éléonore",Ag,0.368109922499999,0.0006615671742966747,1603515.719235888,"Ag, usable ore",metal_economic
BC-MAIN-6b4800fe,,Energy,Electricity consumption|Grid electricity,1695665000.0,BC-MAIN-6b4800fe,"Cu and Mo, Open-pit mining and beneficiation at Gibraltar",Cu,55610.3792,0.960110067742726,29275.560811478324,"Cu, usable ore",metal_economic
BC-MAIN-6b4800fe,,Energy,Electricity consumption|Grid electricity,1695665000.0,BC-MAIN-6b4800fe,"Cu and Mo, Open-pit mining and beneficiation at Gibraltar",Mo,545.217584,0.03988993225727399,124060.49248226467,"Mo, usable ore",metal_economic
QC-MAIN-c0660aec,,Energy,Electricity consumption|Grid electricity,644118282.0,QC-MAIN-c0660aec,"Au and Ag and Zn, Underground mining and beneficiation at Goldex",Au,4.38505127595036,0.9993729627305309,146797461.49415988,"Au, usable ore",metal_economic
QC-MAIN-c0660aec,,Energy,Electricity consumption|Grid electricity,644118282.0,QC-MAIN-c0660aec,"Au and Ag and Zn, Underground mining and beneficiation at Goldex",Ag,0.062207,0.00018398111989734523,1905020.3814476512,"Ag, usable ore",metal_economic
QC-MAIN-c0660aec,,Energy,Electricity consumption|Grid electricity,644118282.0,QC-MAIN-c0660aec,"Au and Ag and Zn, Underground mining and beneficiation at Goldex",Zn,39.036758,0.0004430561495717726,7310.560110850015,"Zn, usable ore",metal_economic
ON-MAIN-687b8c8d,,Energy,Electricity consumption|Grid electricity,334179000.0,ON-MAIN-687b8c8d,"Au, Underground mining and beneficiation at Island",Au,4.0869999,1.0,81766334.27370526,"Au, usable ore",metal_economic
QC-MAIN-9de9bb0d,,Energy,Electricity consumption|Grid electricity,115392600.0,QC-MAIN-9de9bb0d,"Au and Ag, Open-pit mining and beneficiation at Kiena",Au,1.1053250795,0.9989391993518907,104286235.41888337,"Au, usable ore",metal_economic
QC-MAIN-9de9bb0d,,Energy,Electricity consumption|Grid electricity,115392600.0,QC-MAIN-9de9bb0d,"Au and Ag, Open-pit mining and beneficiation at Kiena",Ag,0.090448978,0.0010608006481092256,1353343.5929702667,"Ag, usable ore",metal_economic
QC-MAIN-f9e41c2a,,Energy,Electricity consumption|Grid electricity,276713000.0,QC-MAIN-f9e41c2a,"Au and Ag, Underground mining and beneficiation at Lamaque",Au,5.5074656415,0.9946873687025972,49976330.997289225,"Au, usable ore",metal_economic
QC-MAIN-f9e41c2a,,Energy,Electricity consumption|Grid electricity,276713000.0,QC-MAIN-f9e41c2a,"Au and Ag, Underground mining and beneficiation at Lamaque",Ag,2.266698666,0.0053126312974027855,648552.9665892594,"Ag, usable ore",metal_economic
QC-MAIN-e51eda66,,Energy,Electricity consumption|Grid electricity,1689193026.0,QC-MAIN-e51eda66,"Au and Ag and Cu and Zn, Underground mining and beneficiation at LaRonde",Au,9.5378411985464,0.8726535901097445,154550734.05414823,"Au, usable ore",metal_economic
QC-MAIN-e51eda66,,Energy,Electricity consumption|Grid electricity,1689193026.0,QC-MAIN-e51eda66,"Au and Ag and Cu and Zn, Underground mining and beneficiation at LaRonde",Ag,18.288858,0.02171498137645696,2005636.1693458923,"Ag, usable ore",metal_economic
QC-MAIN-e51eda66,,Energy,Electricity consumption|Grid electricity,1689193026.0,QC-MAIN-e51eda66,"Au and Ag and Cu and Zn, Underground mining and beneficiation at LaRonde",Cu,7702.438517,0.09388515425114112,20589.60255975281,"Cu, usable ore",metal_economic
QC-MAIN-e51eda66,,Energy,Electricity consumption|Grid electricity,1689193026.0,QC-MAIN-e51eda66,"Au and Ag and Cu and Zn, Underground mining and beneficiation at LaRonde",Zn,2577.960375,0.011746274262657456,7696.67554178922,"Zn, usable ore",metal_economic
ON-MAIN-1f126a43,,Energy,Electricity consumption|Grid electricity,657196812.0,ON-MAIN-1f126a43,"Au, Underground mining and beneficiation at Macassa",Au,7.1082383725,1.0,92455651.81698611,"Au, usable ore",metal_economic
ON-MAIN-fefeaee4,,Energy,Electricity consumption|Grid electricity,509889600.0,ON-MAIN-fefeaee4,"Au, Underground mining and beneficiation at Musselwhite",Au,5.59863,1.0,91073994.8880351,"Au, usable ore",metal_economic
BC-MAIN-aa76f6f2,,Energy,Electricity consumption|Grid electricity,171984823.5,BC-MAIN-aa76f6f2,"Au and Cu, Underground mining and beneficiation at New Afton",Au,2.0974023155,0.42271710025276227,34662365.60345931,"Au, usable ore",metal_economic
BC-MAIN-aa76f6f2,,Energy,Electricity consumption|Grid electricity,171984823.5,BC-MAIN-aa76f6f2,"Au and Cu, Underground mining and beneficiation at New Afton",Cu,21500.2608,0.5772828997472378,4617.7996883924725,"Cu, usable ore",metal_economic
,GRP-0d911886,Energy,Electricity consumption|Grid electricity,723967200.0,GRP-0d911886,"Au, Open-pit and underground mining at Porcupine complex",Au,8.08691,1.0,89523340.80631539,"Au, usable ore",metal_economic
BC-MAIN-8eb8be0d,,Energy,Electricity consumption|Grid electricity,1274584341.6,BC-MAIN-8eb8be0d,"Au and Cu, Open-pit mining and beneficiation at Red Chris",Au,0.1555175,0.24339693192888107,1994823207.870708,"Au, usable ore",metal_economic
BC-MAIN-8eb8be0d,,Energy,Electricity consumption|Grid electricity,1274584341.6,BC-MAIN-8eb8be0d,"Au and Cu, Open-pit mining and beneficiation at Red Chris",Cu,3628.736,0.7566030680711189,265754.9139342093,"Cu, usable ore",metal_economic
ON-MAIN-7f050560,,Energy,Electricity consumption|Grid electricity,893875119.6906,ON-MAIN-7f050560,"Au, Underground mining and beneficiation at Red Lake",Au,3.50536445,1.0,255002049.69859838,"Au, usable ore",metal_economic
NL-MAIN-b64bae7a,,Energy,Electricity consumption|Grid electricity,1233000000.0,NL-MAIN-b64bae7a,"Fe, Open-pit mining and beneficiation at Scully",Fe,895553.6000000001,1.0,1376.8020138604768,"Fe, usable ore",metal_economic
,GRP-14bfbb82,Energy,Electricity consumption|Grid electricity,193225046.4,GRP-14bfbb82,"Au, Underground mining and beneficiation at Seabee Gold Operation",Au,1.2054783495,1.0,160289105.54896697,"Au, usable ore",metal_economic
,GRP-147b3123,Energy,Electricity consumption|Grid electricity,738226800.0,GRP-147b3123,"Au and Ag, Underground mining and beneficiation at Timmins Operation",Au,4.13365515,0.9984400951957737,178310770.9089065,"Au, usable ore",metal_economic
,GRP-147b3123,Energy,Electricity consumption|Grid electricity,738226800.0,GRP-147b3123,"Au and Ag, Underground mining and beneficiation at Timmins Operation",Ag,0.497656,0.0015599048042262292,2313974.9785565846,"Ag, usable ore",metal_economic
QC-MAIN-02884fb5,,Energy,Electricity consumption|Grid electricity,525946699.99999994,QC-MAIN-02884fb5,"Au and Ag, Underground mining and beneficiation at Westwood-Doyon",Au,2.8926255,0.994897522565433,180895545.87396982,"Au, usable ore",metal_economic
QC-MAIN-02884fb5,,Energy,Electricity consumption|Grid electricity,525946699.99999994,QC-MAIN-02884fb5,"Au and Ag, Underground mining and beneficiation at Westwood-Doyon",Ag,1.143178039,0.005102477434567,2347518.126644995,"Ag, usable ore",metal_economic
ON-MAIN-7607a50e,,Energy,Electricity consumption|Grid electricity,960748000.0,ON-MAIN-7607a50e,"Au, Underground mining and beneficiation at Young-Davidson",Au,5.75725784999999,1.0,166875972.03936276,"Au, usable ore",metal_economic
ON-MAIN-6e9be24e,,Energy,Electricity consumption|Non-renewable electricity use,619000000.0,ON-MAIN-6e9be24e,"Au, Open-pit and underground mining and beneficiation at Hemlo (Williams)",Au,4.3869931575,1.0,141098920.78171083,"Au, usable ore",metal_economic
QC-MAIN-b86f7d07,,Energy,Electricity consumption|Not specified,495635929.2,QC-MAIN-b86f7d07,"Au and Ag, Open-pit and underground mining and beneficiation at Casa Berardi",Au,2.69356309999999,0.9963866796430149,183342665.2627407,"Au, usable ore",metal_economic
QC-MAIN-b86f7d07,,Energy,Electricity consumption|Not specified,495635929.2,QC-MAIN-b86f7d07,"Au and Ag, Open-pit and underground mining and beneficiation at Casa Berardi",Ag,0.7527047,0.0036133203569852276,2379274.890447275,"Ag, usable ore",metal_economic
YT-MAIN-44857446,,Energy,Electricity consumption|Not specified,63343396.800000004,YT-MAIN-44857446,"Ag and Zn and Pb, Underground mining and beneficiation at Keno Hill Silver District",Ag,46.7354037195,0.8400656382176023,1138593.1611725923,"Ag, usable ore",metal_economic
YT-MAIN-44857446,,Energy,Electricity consumption|Not specified,63343396.800000004,YT-MAIN-44857446,"Ag and Zn and Pb, Underground mining and beneficiation at Keno Hill Silver District",Zn,1339.0,0.09236316898100091,4369.377791238979,"Zn, usable ore",metal_economic
YT-MAIN-44857446,,Energy,Electricity consumption|Not specified,63343396.800000004,YT-MAIN-44857446,"Ag and Zn and Pb, Underground mining and beneficiation at Keno Hill Silver District",Pb,1225.0,0.06757119280139672,3494.0317370352454,"Pb, usable ore",metal_economic
ON-MAIN-a3c56a83,,Energy,Electricity consumption|Not specified,1173600000.0,ON-MAIN-a3c56a83,"Pt, Open-pit and underground mining and beneficiation at Lac des Iles",Pt,38.319512,1.0,30626694.82847276,"Pt, usable ore",metal_economic
BC-MAIN-ed23117f,,Energy,Electricity consumption|Not specified,,BC-MAIN-ed23117f,"Au and Cu, Open-pit mining and beneficiation at Mount Milligan",Au,4.8021004685,0.5622849655905816,,"Au, usable ore",metal_economic
BC-MAIN-ed23117f,,Energy,Electricity consumption|Not specified,,BC-MAIN-ed23117f,"Au and Cu, Open-pit mining and beneficiation at Mount Milligan",Cu,28060.108304,0.43771503440941845,,"Cu, usable ore",metal_economic
QC-MAIN-02884fb5,,Energy,Emulsion ANFO,4260600.0,QC-MAIN-02884fb5,"Au and Ag, Underground mining and beneficiation at Westwood-Doyon",Au,2.8926255,0.994897522565433,1465402.4119756545,"Au, usable ore",metal_economic
QC-MAIN-02884fb5,,Energy,Emulsion ANFO,4260600.0,QC-MAIN-02884fb5,"Au and Ag, Underground mining and beneficiation at Westwood-Doyon",Ag,1.143178039,0.005102477434567,19016.823815766253,"Ag, usable ore",metal_economic
,GRP-147b3123,Energy,Emulsions,2026300.0,GRP-147b3123,"Au and Ag, Underground mining and beneficiation at Timmins Operation",Au,4.13365515,0.9984400951957737,489431.04624854744,"Au, usable ore",metal_economic
,GRP-147b3123,Energy,Emulsions,2026300.0,GRP-147b3123,"Au and Ag, Underground mining and beneficiation at Timmins Operation",Ag,0.497656,0.0015599048042262292,6351.445787458823,"Ag, usable ore",metal_economic
NL-MAIN-dd723db4,,Energy,Energy use,14922000000.0,NL-MAIN-dd723db4,"Fe, Open-pit mining and beneficiation at Carol Lake",Fe,4497892.8,1.0,3317.553499718802,"Fe, usable ore",metal_economic
ON-MAIN-aeafbb59,,Energy,Explosives,65074000.0,ON-MAIN-aeafbb59,"Au and Ag, Open-pit mining and beneficiation at Detour Lake",Au,21.070941661,0.9984889572357906,3083662.3938561166,"Au, usable ore",metal_economic
ON-MAIN-aeafbb59,,Energy,Explosives,65074000.0,ON-MAIN-aeafbb59,"Au and Ag, Open-pit mining and beneficiation at Detour Lake",Ag,2.4571765,0.0015110427642093859,40017.311266879515,"Ag, usable ore",metal_economic
QC-MAIN-c0660aec,,Energy,Explosives,11047000.0,QC-MAIN-c0660aec,"Au and Ag and Zn, Underground mining and beneficiation at Goldex",Au,4.38505127595036,0.9993729627305309,2517661.1228774036,"Au, usable ore",metal_economic
QC-MAIN-c0660aec,,Energy,Explosives,11047000.0,QC-MAIN-c0660aec,"Au and Ag and Zn, Underground mining and beneficiation at Goldex",Ag,0.062207,0.00018398111989734523,32672.198169112362,"Ag, usable ore",metal_economic
QC-MAIN-c0660aec,,Energy,Explosives,11047000.0,QC-MAIN-c0660aec,"Au and Ag and Zn, Underground mining and beneficiation at Goldex",Zn,39.036758,0.0004430561495717726,125.38032190888835,"Zn, usable ore",metal_economic
QC-MAIN-e51eda66,,Energy,Explosives,6280000.0,QC-MAIN-e51eda66,"Au and Ag and Cu and Zn, Underground mining and beneficiation at LaRonde",Au,9.5378411985464,0.8726535901097445,574581.2319379366,"Au, usable ore",metal_economic
QC-MAIN-e51eda66,,Energy,Explosives,6280000.0,QC-MAIN-e51eda66,"Au and Ag and Cu and Zn, Underground mining and beneficiation at LaRonde",Ag,18.288858,0.02171498137645696,7456.456988410633,"Ag, usable ore",metal_economic
QC-MAIN-e51eda66,,Energy,Explosives,6280000.0,QC-MAIN-e51eda66,"Au and Ag and Cu and Zn, Underground mining and beneficiation at LaRonde",Cu,7702.438517,0.09388515425114112,76.54702694424198,"Cu, usable ore",metal_economic
QC-MAIN-e51eda66,,Energy,Explosives,6280000.0,QC-MAIN-e51eda66,"Au and Ag and Cu and Zn, Underground mining and beneficiation at LaRonde",Zn,2577.960375,0.011746274262657456,28.614327467887797,"Zn, usable ore",metal_economic
ON-MAIN-1f126a43,,Energy,Explosives,82576000.0,ON-MAIN-1f126a43,"Au, Underground mining and beneficiation at Macassa",Au,7.1082383725,1.0,11616942.99947311,"Au, usable ore",metal_economic
,GRP-0a2c0d69,Energy,Explosives,45318000.0,GRP-0a2c0d69,"Au and Ag, Open-pit and underground mining at Meadowbank complex",Au,13.4263118300476,0.996256182622859,3362676.0837672767,"Au, usable ore",metal_economic
,GRP-0a2c0d69,Energy,Explosives,45318000.0,GRP-0a2c0d69,"Au and Ag, Open-pit and underground mining at Meadowbank complex",Ag,3.8879375,0.003743817377141018,43638.1284157157,"Ag, usable ore",metal_economic
NU-MAIN-8b0264c9,,Energy,Explosives,18198000.0,NU-MAIN-8b0264c9,"Au and Ag, Open-pit and underground mining and beneficiation at Meliadine",Au,11.3260595934999,0.9990387030204059,1605192.5356281241,"Au, usable ore",metal_economic
NU-MAIN-8b0264c9,,Energy,Explosives,18198000.0,NU-MAIN-8b0264c9,"Au and Ag, Open-pit and underground mining and beneficiation at Meliadine",Ag,0.8397945,0.0009612969795941015,20830.908555192324,"Ag, usable ore",metal_economic
BC-MAIN-ed23117f,,Energy,Explosives,,BC-MAIN-ed23117f,"Au and Cu, Open-pit mining and beneficiation at Mount Milligan",Au,4.8021004685,0.5622849655905816,,"Au, usable ore",metal_economic
BC-MAIN-ed23117f,,Energy,Explosives,,BC-MAIN-ed23117f,"Au and Cu, Open-pit mining and beneficiation at Mount Milligan",Cu,28060.108304,0.43771503440941845,,"Cu, usable ore",metal_economic
BC-MAIN-aa76f6f2,,Energy,Explosives,2090400.0,BC-MAIN-aa76f6f2,"Au and Cu, Underground mining and beneficiation at New Afton",Au,2.0974023155,0.42271710025276227,421305.8314268721,"Au, usable ore",metal_economic
BC-MAIN-aa76f6f2,,Energy,Explosives,2090400.0,BC-MAIN-aa76f6f2,"Au and Cu, Underground mining and beneficiation at New Afton",Cu,21500.2608,0.5772828997472378,56.12732723835731,"Cu, usable ore",metal_economic
ON-MAIN-0aadf28f,,Energy,Explosives,59222508.0,ON-MAIN-0aadf28f,"Au, Open-pit and underground mining and beneficiation at Rainy River",Au,7.89235760749999,1.0,7503779.091778828,"Au, usable ore",metal_economic
BC-MAIN-857b7b89,,Energy,Gasoline,13568450.0,BC-MAIN-857b7b89,"Au, Underground mining and beneficiation at Brucejack",Au,0.9020015,1.0,15042602.47904244,"Au, usable ore",metal_economic
BC-MAIN-599152a0,,Energy,Gasoline,368000.0,BC-MAIN-599152a0,"Au and Ag and Cu, Open-pit mining and beneficiation at Copper Mountain",Au,0.275203767999999,0.0948587647028309,126844.28583347703,"Au, usable ore",metal_economic
BC-MAIN-599152a0,,Energy,Gasoline,368000.0,BC-MAIN-599152a0,"Au and Ag and Cu, Open-pit mining and beneficiation at Copper Mountain",Ag,6.789334187,0.030369060449188304,1646.0839807680093,"Ag, usable ore",metal_economic
BC-MAIN-599152a0,,Energy,Gasoline,368000.0,BC-MAIN-599152a0,"Au and Ag and Cu, Open-pit mining and beneficiation at Copper Mountain",Cu,19050.0,0.8747721748479808,16.898486107299576,"Cu, usable ore",metal_economic
ON-MAIN-cb85213a,,Energy,Gasoline,12095820.0,ON-MAIN-cb85213a,"Au, Underground mining and beneficiation at Eagle River",Au,2.7205298345,1.0,4446126.576745688,"Au, usable ore",metal_economic
QC-MAIN-6dc537e6,,Energy,Gasoline,10018117.899999999,QC-MAIN-6dc537e6,"Au and Ag, Underground mining and beneficiation at Éléonore",Au,7.216012,0.9993384328257033,1387399.333877095,"Au, usable ore",metal_economic
QC-MAIN-6dc537e6,,Energy,Gasoline,10018117.899999999,QC-MAIN-6dc537e6,"Au and Ag, Underground mining and beneficiation at Éléonore",Ag,0.368109922499999,0.0006615671742966747,18004.562077171264,"Ag, usable ore",metal_economic
BC-MAIN-6b4800fe,,Energy,Gasoline,38791000.0,BC-MAIN-6b4800fe,"Cu and Mo, Open-pit mining and beneficiation at Gibraltar",Cu,55610.3792,0.960110067742726,669.72443226584,"Cu, usable ore",metal_economic
BC-MAIN-6b4800fe,,Energy,Gasoline,38791000.0,BC-MAIN-6b4800fe,"Cu and Mo, Open-pit mining and beneficiation at Gibraltar",Mo,545.217584,0.03988993225727399,2838.0786086164003,"Mo, usable ore",metal_economic
ON-MAIN-687b8c8d,,Energy,Gasoline,14406000.0,ON-MAIN-687b8c8d,"Au, Underground mining and beneficiation at Island",Au,4.0869999,1.0,3524834.9284275733,"Au, usable ore",metal_economic
QC-MAIN-9de9bb0d,,Energy,Gasoline,1180080.0,QC-MAIN-9de9bb0d,"Au and Ag, Open-pit mining and beneficiation at Kiena",Au,1.1053250795,0.9989391993518907,1066499.0709379623,"Au, usable ore",metal_economic
QC-MAIN-9de9bb0d,,Energy,Gasoline,1180080.0,QC-MAIN-9de9bb0d,"Au and Ag, Open-pit mining and beneficiation at Kiena",Ag,0.090448978,0.0010608006481092256,13840.174388932674,"Ag, usable ore",metal_economic
QC-MAIN-f9e41c2a,,Energy,Gasoline,3549000.0,QC-MAIN-f9e41c2a,"Au and Ag, Underground mining and beneficiation at Lamaque",Au,5.5074656415,0.9946873687025972,640974.579110412,"Au, usable ore",metal_economic
QC-MAIN-f9e41c2a,,Energy,Gasoline,3549000.0,QC-MAIN-f9e41c2a,"Au and Ag, Underground mining and beneficiation at Lamaque",Ag,2.266698666,0.0053126312974027855,8318.056898032553,"Ag, usable ore",metal_economic
BC-MAIN-ed23117f,,Energy,Gasoline,,BC-MAIN-ed23117f,"Au and Cu, Open-pit mining and beneficiation at Mount Milligan",Au,4.8021004685,0.5622849655905816,,"Au, usable ore",metal_economic
BC-MAIN-ed23117f,,Energy,Gasoline,,BC-MAIN-ed23117f,"Au and Cu, Open-pit mining and beneficiation at Mount Milligan",Cu,28060.108304,0.43771503440941845,,"Cu, usable ore",metal_economic
ON-MAIN-fefeaee4,,Energy,Gasoline,5437635.0,ON-MAIN-fefeaee4,"Au, Underground mining and beneficiation at Musselwhite",Au,5.59863,1.0,971243.8578723724,"Au, usable ore",metal_economic
BC-MAIN-aa76f6f2,,Energy,Gasoline,3914535.152,BC-MAIN-aa76f6f2,"Au and Cu, Underground mining and beneficiation at New Afton",Au,2.0974023155,0.42271710025276227,788947.8027473579,"Au, usable ore",metal_economic
BC-MAIN-aa76f6f2,,Energy,Gasoline,3914535.152,BC-MAIN-aa76f6f2,"Au and Cu, Underground mining and beneficiation at New Afton",Cu,21500.2608,0.5772828997472378,105.10543219592266,"Cu, usable ore",metal_economic
,GRP-0d911886,Energy,Gasoline,17195846.5,GRP-0d911886,"Au, Open-pit and underground mining at Porcupine complex",Au,8.08691,1.0,2126380.347994475,"Au, usable ore",metal_economic
ON-MAIN-0aadf28f,,Energy,Gasoline,37604891.478,ON-MAIN-0aadf28f,"Au, Open-pit and underground mining and beneficiation at Rainy River",Au,7.89235760749999,1.0,4764722.196858468,"Au, usable ore",metal_economic
BC-MAIN-8eb8be0d,,Energy,Gasoline,25050760.0,BC-MAIN-8eb8be0d,"Au and Cu, Open-pit mining and beneficiation at Red Chris",Au,0.1555175,0.24339693192888107,39206379.51668936,"Au, usable ore",metal_economic
BC-MAIN-8eb8be0d,,Energy,Gasoline,25050760.0,BC-MAIN-8eb8be0d,"Au and Cu, Open-pit mining and beneficiation at Red Chris",Cu,3628.736,0.7566030680711189,5223.163623232239,"Cu, usable ore",metal_economic
ON-MAIN-7f050560,,Energy,Gasoline,4970480.57,ON-MAIN-7f050560,"Au, Underground mining and beneficiation at Red Lake",Au,3.50536445,1.0,1417963.9923032825,"Au, usable ore",metal_economic
NL-MAIN-b64bae7a,,Energy,Gasoline,12000000.0,NL-MAIN-b64bae7a,"Fe, Open-pit mining and beneficiation at Scully",Fe,895553.6000000001,1.0,13.399532981610479,"Fe, usable ore",metal_economic
,GRP-a13779f8,Energy,Gasoline,1760000.0,GRP-a13779f8,"Au and Ag and Cu and Zn, Underground mining and beneficiation at Snow Lake",Au,5.8276450705,0.6124179191730442,184955.59092998778,"Au, usable ore",metal_economic
,GRP-a13779f8,Energy,Gasoline,1760000.0,GRP-a13779f8,"Au and Ag and Cu and Zn, Underground mining and beneficiation at Snow Lake",Ag,26.4915663305,0.036127966204618486,2400.2061534172954,"Ag, usable ore",metal_economic
,GRP-a13779f8,Energy,Gasoline,1760000.0,GRP-a13779f8,"Au and Ag and Cu and Zn, Underground mining and beneficiation at Snow Lake",Cu,12154.0,0.1701574307878526,24.640207189947386,"Cu, usable ore",metal_economic
,GRP-a13779f8,Energy,Gasoline,1760000.0,GRP-a13779f8,"Au and Ag and Cu and Zn, Underground mining and beneficiation at Snow Lake",Zn,34642.0,0.1812966838344847,9.210847051229521,"Zn, usable ore",metal_economic
,GRP-147b3123,Energy,Gasoline,2946100.0,GRP-147b3123,"Au and Ag, Underground mining and beneficiation at Timmins Operation",Au,4.13365515,0.9984400951957737,711598.8774381117,"Au, usable ore",metal_economic
,GRP-147b3123,Energy,Gasoline,2946100.0,GRP-147b3123,"Au and Ag, Underground mining and beneficiation at Timmins Operation",Ag,0.497656,0.0015599048042262292,9234.562717481342,"Ag, usable ore",metal_economic
QC-MAIN-02884fb5,,Energy,Gasoline,3350800.0,QC-MAIN-02884fb5,"Au and Ag, Underground mining and beneficiation at Westwood-Doyon",Au,2.8926255,0.994897522565433,1152483.3126902368,"Au, usable ore",metal_economic
QC-MAIN-02884fb5,,Energy,Gasoline,3350800.0,QC-MAIN-02884fb5,"Au and Ag, Underground mining and beneficiation at Westwood-Doyon",Ag,1.143178039,0.005102477434567,14956.00930429272,"Ag, usable ore",metal_economic
ON-MAIN-7607a50e,,Energy,Gasoline,2124000.0,ON-MAIN-7607a50e,"Au, Underground mining and beneficiation at Young-Davidson",Au,5.75725784999999,1.0,368925.63358092494,"Au, usable ore",metal_economic
QC-MAIN-b86f7d07,,Energy,Gasoline|Mobile equipment,17908178.0536758,QC-MAIN-b86f7d07,"Au and Ag, Open-pit and underground mining and beneficiation at Casa Berardi",Au,2.69356309999999,0.9963866796430149,6624485.6373916045,"Au, usable ore",metal_economic
QC-MAIN-b86f7d07,,Energy,Gasoline|Mobile equipment,17908178.0536758,QC-MAIN-b86f7d07,"Au and Ag, Open-pit and underground mining and beneficiation at Casa Berardi",Ag,0.7527047,0.0036133203569852276,85967.2914462509,"Ag, usable ore",metal_economic
YT-MAIN-44857446,,Energy,Gasoline|Mobile equipment,8333350.1134884,YT-MAIN-44857446,"Ag and Zn and Pb, Underground mining and beneficiation at Keno Hill Silver District",Ag,46.7354037195,0.8400656382176023,149791.38991918945,"Ag, usable ore",metal_economic
YT-MAIN-44857446,,Energy,Gasoline|Mobile equipment,8333350.1134884,YT-MAIN-44857446,"Ag and Zn and Pb, Underground mining and beneficiation at Keno Hill Silver District",Zn,1339.0,0.09236316898100091,574.8279497460584,"Zn, usable ore",metal_economic
YT-MAIN-44857446,,Energy,Gasoline|Mobile equipment,8333350.1134884,YT-MAIN-44857446,"Ag and Zn and Pb, Underground mining and beneficiation at Keno Hill Silver District",Pb,1225.0,0.06757119280139672,459.6689038367885,"Pb, usable ore",metal_economic
QC-MAIN-e7e6a960,,Energy,Light Fuel & Gasoline,42833000.0,QC-MAIN-e7e6a960,"Au and Ag, Open-pit mining and beneficiation at Canadian Malartic",Au,21.29470024,0.9941583428153883,1999689.3038120328,"Au, usable ore",metal_economic
QC-MAIN-e7e6a960,,Energy,Light Fuel & Gasoline,42833000.0,QC-MAIN-e7e6a960,"Au and Ag, Open-pit mining and beneficiation at Canadian Malartic",Ag,9.642085,0.005841657184611681,25950.37299385684,"Ag, usable ore",metal_economic
ON-MAIN-aeafbb59,,Energy,Light Fuel & Gasoline,71904000.0,ON-MAIN-aeafbb59,"Au and Ag, Open-pit mining and beneficiation at Detour Lake",Au,21.070941661,0.9984889572357906,3407315.6831888347,"Au, usable ore",metal_economic
ON-MAIN-aeafbb59,,Energy,Light Fuel & Gasoline,71904000.0,ON-MAIN-aeafbb59,"Au and Ag, Open-pit mining and beneficiation at Detour Lake",Ag,2.4571765,0.0015110427642093859,44217.42553606209,"Ag, usable ore",metal_economic
QC-MAIN-c0660aec,,Energy,Light Fuel & Gasoline,1347000.0,QC-MAIN-c0660aec,"Au and Ag and Zn, Underground mining and beneficiation at Goldex",Au,4.38505127595036,0.9993729627305309,306987.37508064293,"Au, usable ore",metal_economic
QC-MAIN-c0660aec,,Energy,Light Fuel & Gasoline,1347000.0,QC-MAIN-c0660aec,"Au and Ag and Zn, Underground mining and beneficiation at Goldex",Ag,0.062207,0.00018398111989734523,3983.8373254091025,"Ag, usable ore",metal_economic
QC-MAIN-c0660aec,,Energy,Light Fuel & Gasoline,1347000.0,QC-MAIN-c0660aec,"Au and Ag and Zn, Underground mining and beneficiation at Goldex",Zn,39.036758,0.0004430561495717726,15.288068580725318,"Zn, usable ore",metal_economic
QC-MAIN-e51eda66,,Energy,Light Fuel & Gasoline,8329000.0,QC-MAIN-e51eda66,"Au and Ag and Cu and Zn, Underground mining and beneficiation at LaRonde",Au,9.5378411985464,0.8726535901097445,762052.0829316997,"Au, usable ore",metal_economic
QC-MAIN-e51eda66,,Energy,Light Fuel & Gasoline,8329000.0,QC-MAIN-e51eda66,"Au and Ag and Cu and Zn, Underground mining and beneficiation at LaRonde",Ag,18.288858,0.02171498137645696,9889.304180966903,"Ag, usable ore",metal_economic
QC-MAIN-e51eda66,,Energy,Light Fuel & Gasoline,8329000.0,QC-MAIN-e51eda66,"Au and Ag and Cu and Zn, Underground mining and beneficiation at LaRonde",Cu,7702.438517,0.09388515425114112,101.52232283735535,"Cu, usable ore",metal_economic
QC-MAIN-e51eda66,,Energy,Light Fuel & Gasoline,8329000.0,QC-MAIN-e51eda66,"Au and Ag and Cu and Zn, Underground mining and beneficiation at LaRonde",Zn,2577.960375,0.011746274262657456,37.95043526752189,"Zn, usable ore",metal_economic
ON-MAIN-1f126a43,,Energy,Light Fuel & Gasoline,6440000.0,ON-MAIN-1f126a43,"Au, Underground mining and beneficiation at Macassa",Au,7.1082383725,1.0,905991.0012183543,"Au, usable ore",metal_economic
,GRP-0a2c0d69,Energy,Light Fuel & Gasoline,51161000.0,GRP-0a2c0d69,"Au and Ag, Open-pit and underground mining at Meadowbank complex",Au,13.4263118300476,0.996256182622859,3796237.06080625,"Au, usable ore",metal_economic
,GRP-0a2c0d69,Energy,Light Fuel & Gasoline,51161000.0,GRP-0a2c0d69,"Au and Ag, Open-pit and underground mining at Meadowbank complex",Ag,3.8879375,0.003743817377141018,49264.537002436795,"Ag, usable ore",metal_economic
NU-MAIN-8b0264c9,,Energy,Light Fuel & Gasoline,5290000.0,NU-MAIN-8b0264c9,"Au and Ag, Open-pit and underground mining and beneficiation at Meliadine",Au,11.3260595934999,0.9990387030204059,466615.4804633903,"Au, usable ore",metal_economic
NU-MAIN-8b0264c9,,Energy,Light Fuel & Gasoline,5290000.0,NU-MAIN-8b0264c9,"Au and Ag, Open-pit and underground mining and beneficiation at Meliadine",Ag,0.8397945,0.0009612969795941015,6055.363570555412,"Ag, usable ore",metal_economic
ON-MAIN-7f050560,,Energy,LPG,14655632.810559977,ON-MAIN-7f050560,"Au, Underground mining and beneficiation at Red Lake",Au,3.50536445,1.0,4180915.5708645293,"Au, usable ore",metal_economic
QC-MAIN-f9e41c2a,,Energy,LPG|Mobile equipment,45000.0,QC-MAIN-f9e41c2a,"Au and Ag, Underground mining and beneficiation at Lamaque",Au,5.5074656415,0.9946873687025972,8127.319261755013,"Au, usable ore",metal_economic
QC-MAIN-f9e41c2a,,Energy,LPG|Mobile equipment,45000.0,QC-MAIN-f9e41c2a,"Au and Ag, Underground mining and beneficiation at Lamaque",Ag,2.266698666,0.0053126312974027855,105.46986768426736,"Ag, usable ore",metal_economic
QC-MAIN-f9e41c2a,,Energy,LPG|Stationary equipment,187000.0,QC-MAIN-f9e41c2a,"Au and Ag, Underground mining and beneficiation at Lamaque",Au,5.5074656415,0.9946873687025972,33773.526709959726,"Au, usable ore",metal_economic
QC-MAIN-f9e41c2a,,Energy,LPG|Stationary equipment,187000.0,QC-MAIN-f9e41c2a,"Au and Ag, Underground mining and beneficiation at Lamaque",Ag,2.266698666,0.0053126312974027855,438.2858945990666,"Ag, usable ore",metal_economic
,GRP-0a2c0d69,Energy,Lubricating Oils & Greases,7311000.0,GRP-0a2c0d69,"Au and Ag, Open-pit and underground mining at Meadowbank complex",Au,13.4263118300476,0.996256182622859,542489.1841745566,"Au, usable ore",metal_economic
,GRP-0a2c0d69,Energy,Lubricating Oils & Greases,7311000.0,GRP-0a2c0d69,"Au and Ag, Open-pit and underground mining at Meadowbank complex",Ag,3.8879375,0.003743817377141018,7039.991986568195,"Ag, usable ore",metal_economic
ON-MAIN-7607a50e,,Energy,Naphta,6344000.0,ON-MAIN-7607a50e,"Au, Underground mining and beneficiation at Young-Davidson",Au,5.75725784999999,1.0,1101913.4743113879,"Au, usable ore",metal_economic
QC-MAIN-e7e6a960,,Energy,Natural gas,162805000.0,QC-MAIN-e7e6a960,"Au and Ag, Open-pit mining and beneficiation at Canadian Malartic",Au,21.29470024,0.9941583428153883,7600668.108867414,"Au, usable ore",metal_economic
QC-MAIN-e7e6a960,,Energy,Natural gas,162805000.0,QC-MAIN-e7e6a960,"Au and Ag, Open-pit mining and beneficiation at Canadian Malartic",Ag,9.642085,0.005841657184611681,98635.40903660409,"Ag, usable ore",metal_economic
BC-MAIN-6b4800fe,,Energy,Natural gas,186977000.0,BC-MAIN-6b4800fe,"Cu and Mo, Open-pit mining and beneficiation at Gibraltar",Cu,55610.3792,0.960110067742726,3228.1473839748905,"Cu, usable ore",metal_economic
BC-MAIN-6b4800fe,,Energy,Natural gas,186977000.0,BC-MAIN-6b4800fe,"Cu and Mo, Open-pit mining and beneficiation at Gibraltar",Mo,545.217584,0.03988993225727399,13679.85934890229,"Mo, usable ore",metal_economic
QC-MAIN-c0660aec,,Energy,Natural gas,86234000.0,QC-MAIN-c0660aec,"Au and Ag and Zn, Underground mining and beneficiation at Goldex",Au,4.38505127595036,0.9993729627305309,19653117.522423286,"Au, usable ore",metal_economic
QC-MAIN-c0660aec,,Energy,Natural gas,86234000.0,QC-MAIN-c0660aec,"Au and Ag and Zn, Underground mining and beneficiation at Goldex",Ag,0.062207,0.00018398111989734523,255042.48546349554,"Ag, usable ore",metal_economic
QC-MAIN-c0660aec,,Energy,Natural gas,86234000.0,QC-MAIN-c0660aec,"Au and Ag and Zn, Underground mining and beneficiation at Goldex",Zn,39.036758,0.0004430561495717726,978.7314818042072,"Zn, usable ore",metal_economic
QC-MAIN-9de9bb0d,,Energy,Natural gas,58064.0,QC-MAIN-9de9bb0d,"Au and Ag, Open-pit mining and beneficiation at Kiena",Au,1.1053250795,0.9989391993518907,52475.42713624656,"Au, usable ore",metal_economic
QC-MAIN-9de9bb0d,,Energy,Natural gas,58064.0,QC-MAIN-9de9bb0d,"Au and Ag, Open-pit mining and beneficiation at Kiena",Ag,0.090448978,0.0010608006481092256,680.984243202992,"Ag, usable ore",metal_economic
QC-MAIN-f9e41c2a,,Energy,Natural gas,76904000.0,QC-MAIN-f9e41c2a,"Au and Ag, Underground mining and beneficiation at Lamaque",Au,5.5074656415,0.9946873687025972,13889408.01124461,"Au, usable ore",metal_economic
QC-MAIN-f9e41c2a,,Energy,Natural gas,76904000.0,QC-MAIN-f9e41c2a,"Au and Ag, Underground mining and beneficiation at Lamaque",Ag,2.266698666,0.0053126312974027855,180245.6600975755,"Ag, usable ore",metal_economic
QC-MAIN-e51eda66,,Energy,Natural gas,297435000.0,QC-MAIN-e51eda66,"Au and Ag and Cu and Zn, Underground mining and beneficiation at LaRonde",Au,9.5378411985464,0.8726535901097445,27213466.35692041,"Au, usable ore",metal_economic
QC-MAIN-e51eda66,,Energy,Natural gas,297435000.0,QC-MAIN-e51eda66,"Au and Ag and Cu and Zn, Underground mining and beneficiation at LaRonde",Ag,18.288858,0.02171498137645696,353154.66311272554,"Ag, usable ore",metal_economic
QC-MAIN-e51eda66,,Energy,Natural gas,297435000.0,QC-MAIN-e51eda66,"Au and Ag and Cu and Zn, Underground mining and beneficiation at LaRonde",Cu,7702.438517,0.09388515425114112,3625.440280121117,"Cu, usable ore",metal_economic
QC-MAIN-e51eda66,,Energy,Natural gas,297435000.0,QC-MAIN-e51eda66,"Au and Ag and Cu and Zn, Underground mining and beneficiation at LaRonde",Zn,2577.960375,0.011746274262657456,1355.2392500654787,"Zn, usable ore",metal_economic
ON-MAIN-1f126a43,,Energy,Natural gas,327090000.0,ON-MAIN-1f126a43,"Au, Underground mining and beneficiation at Macassa",Au,7.1082383725,1.0,46015620.58827818,"Au, usable ore",metal_economic
BC-MAIN-aa76f6f2,,Energy,Natural gas,59198000.0,BC-MAIN-aa76f6f2,"Au and Cu, Underground mining and beneficiation at New Afton",Au,2.0974023155,0.42271710025276227,11930952.2621546,"Au, usable ore",metal_economic
BC-MAIN-aa76f6f2,,Energy,Natural gas,59198000.0,BC-MAIN-aa76f6f2,"Au and Cu, Underground mining and beneficiation at New Afton",Cu,21500.2608,0.5772828997472378,1589.4687705014715,"Cu, usable ore",metal_economic
,GRP-0d911886,Energy,Natural gas,166705000.0,GRP-0d911886,"Au, Open-pit and underground mining at Porcupine complex",Au,8.08691,1.0,20614177.72672133,"Au, usable ore",metal_economic
ON-MAIN-7f050560,,Energy,Natural gas,307233000.0,ON-MAIN-7f050560,"Au, Underground mining and beneficiation at Red Lake",Au,3.50536445,1.0,87646521.31963055,"Au, usable ore",metal_economic
,GRP-147b3123,Energy,Natural gas,159325598.85000002,GRP-147b3123,"Au and Ag, Underground mining and beneficiation at Timmins Operation",Au,4.13365515,0.9984400951957737,38483390.68219507,"Au, usable ore",metal_economic
,GRP-147b3123,Energy,Natural gas,159325598.85000002,GRP-147b3123,"Au and Ag, Underground mining and beneficiation at Timmins Operation",Ag,0.497656,0.0015599048042262292,499406.75302284316,"Ag, usable ore",metal_economic
QC-MAIN-02884fb5,,Energy,Natural gas,63958300.0,QC-MAIN-02884fb5,"Au and Ag, Underground mining and beneficiation at Westwood-Doyon",Au,2.8926255,0.994897522565433,21997992.556415178,"Au, usable ore",metal_economic
QC-MAIN-02884fb5,,Energy,Natural gas,63958300.0,QC-MAIN-02884fb5,"Au and Ag, Underground mining and beneficiation at Westwood-Doyon",Ag,1.143178039,0.005102477434567,285472.4035713098,"Ag, usable ore",metal_economic
ON-MAIN-7607a50e,,Energy,Natural gas,221612000.0,ON-MAIN-7607a50e,"Au, Underground mining and beneficiation at Young-Davidson",Au,5.75725784999999,1.0,38492630.654018804,"Au, usable ore",metal_economic
ON-MAIN-6e9be24e,,Energy,Non-renewable fuel use,301000000.0,ON-MAIN-6e9be24e,"Au, Open-pit and underground mining and beneficiation at Hemlo (Williams)",Au,4.3869931575,1.0,68611914.62890947,"Au, usable ore",metal_economic
NL-MAIN-b64bae7a,,Energy,Oil,1058000000.0,NL-MAIN-b64bae7a,"Fe, Open-pit mining and beneficiation at Scully",Fe,895553.6000000001,1.0,1181.3921578786574,"Fe, usable ore",metal_economic
,GRP-14bfbb82,Energy,Other,10277000.0,GRP-14bfbb82,"Au, Underground mining and beneficiation at Seabee Gold Operation",Au,1.2054783495,1.0,8525246.433718717,"Au, usable ore",metal_economic
ON-MAIN-a3c56a83,,Energy,Petrol,13833160.0,ON-MAIN-a3c56a83,"Pt, Open-pit and underground mining and beneficiation at Lac des Iles",Pt,38.319512,1.0,360995.2026528939,"Pt, usable ore",metal_economic
BC-MAIN-857b7b89,,Energy,Propane,42071041.3,BC-MAIN-857b7b89,"Au, Underground mining and beneficiation at Brucejack",Au,0.9020015,1.0,46641875.09666003,"Au, usable ore",metal_economic
QC-MAIN-e7e6a960,,Energy,Propane,1463609.3699999999,QC-MAIN-e7e6a960,"Au and Ag, Open-pit mining and beneficiation at Canadian Malartic",Au,21.29470024,0.9941583428153883,68329.6524209854,"Au, usable ore",metal_economic
QC-MAIN-e7e6a960,,Energy,Propane,1463609.3699999999,QC-MAIN-e7e6a960,"Au and Ag, Open-pit mining and beneficiation at Canadian Malartic",Ag,9.642085,0.005841657184611681,886.7277348960806,"Ag, usable ore",metal_economic
QC-MAIN-b86f7d07,,Energy,Propane,42813081.771589935,QC-MAIN-b86f7d07,"Au and Ag, Open-pit and underground mining and beneficiation at Casa Berardi",Au,2.69356309999999,0.9963866796430149,15837157.997776082,"Au, usable ore",metal_economic
QC-MAIN-b86f7d07,,Energy,Propane,42813081.771589935,QC-MAIN-b86f7d07,"Au and Ag, Open-pit and underground mining and beneficiation at Casa Berardi",Ag,0.7527047,0.0036133203569852276,205522.0060543784,"Ag, usable ore",metal_economic
BC-MAIN-599152a0,,Energy,Propane,10120000.0,BC-MAIN-599152a0,"Au and Ag and Cu, Open-pit mining and beneficiation at Copper Mountain",Au,0.275203767999999,0.0948587647028309,3488217.860420618,"Au, usable ore",metal_economic
BC-MAIN-599152a0,,Energy,Propane,10120000.0,BC-MAIN-599152a0,"Au and Ag and Cu, Open-pit mining and beneficiation at Copper Mountain",Ag,6.789334187,0.030369060449188304,45267.30947112026,"Ag, usable ore",metal_economic
BC-MAIN-599152a0,,Energy,Propane,10120000.0,BC-MAIN-599152a0,"Au and Ag and Cu, Open-pit mining and beneficiation at Copper Mountain",Cu,19050.0,0.8747721748479808,464.7083679507383,"Cu, usable ore",metal_economic
ON-MAIN-aeafbb59,,Energy,Propane,182468000.0,ON-MAIN-aeafbb59,"Au and Ag, Open-pit mining and beneficiation at Detour Lake",Au,21.070941661,0.9984889572357906,8646613.235426405,"Au, usable ore",metal_economic
ON-MAIN-aeafbb59,,Energy,Propane,182468000.0,ON-MAIN-aeafbb59,"Au and Ag, Open-pit mining and beneficiation at Detour Lake",Ag,2.4571765,0.0015110427642093859,112208.85072755588,"Ag, usable ore",metal_economic
ON-MAIN-cb85213a,,Energy,Propane,57828505.6,ON-MAIN-cb85213a,"Au, Underground mining and beneficiation at Eagle River",Au,2.7205298345,1.0,21256339.43309729,"Au, usable ore",metal_economic
QC-MAIN-6dc537e6,,Energy,Propane,142393174.15,QC-MAIN-6dc537e6,"Au and Ag, Underground mining and beneficiation at Éléonore",Au,7.216012,0.9993384328257033,19719891.194767755,"Au, usable ore",metal_economic
QC-MAIN-6dc537e6,,Energy,Propane,142393174.15,QC-MAIN-6dc537e6,"Au and Ag, Underground mining and beneficiation at Éléonore",Ag,0.368109922499999,0.0006615671742966747,255909.02092988286,"Ag, usable ore",metal_economic
BC-MAIN-6b4800fe,,Energy,Propane,453000.0,BC-MAIN-6b4800fe,"Cu and Mo, Open-pit mining and beneficiation at Gibraltar",Cu,55610.3792,0.960110067742726,7.821019510103517,"Cu, usable ore",metal_economic
BC-MAIN-6b4800fe,,Energy,Propane,453000.0,BC-MAIN-6b4800fe,"Cu and Mo, Open-pit mining and beneficiation at Gibraltar",Mo,545.217584,0.03988993225727399,33.14298702542418,"Mo, usable ore",metal_economic
ON-MAIN-687b8c8d,,Energy,Propane,72011000.0,ON-MAIN-687b8c8d,"Au, Underground mining and beneficiation at Island",Au,4.0869999,1.0,17619525.755310148,"Au, usable ore",metal_economic
YT-MAIN-44857446,,Energy,Propane,36595602.20983067,YT-MAIN-44857446,"Ag and Zn and Pb, Underground mining and beneficiation at Keno Hill Silver District",Ag,46.7354037195,0.8400656382176023,657803.4098276492,"Ag, usable ore",metal_economic
YT-MAIN-44857446,,Energy,Propane,36595602.20983067,YT-MAIN-44857446,"Ag and Zn and Pb, Underground mining and beneficiation at Keno Hill Silver District",Zn,1339.0,0.09236316898100091,2524.3359155101425,"Zn, usable ore",metal_economic
YT-MAIN-44857446,,Energy,Propane,36595602.20983067,YT-MAIN-44857446,"Ag and Zn and Pb, Underground mining and beneficiation at Keno Hill Silver District",Pb,1225.0,0.06757119280139672,2018.6191776356638,"Pb, usable ore",metal_economic
ON-MAIN-1f126a43,,Energy,Propane,658000.0,ON-MAIN-1f126a43,"Au, Underground mining and beneficiation at Macassa",Au,7.1082383725,1.0,92568.64577665794,"Au, usable ore",metal_economic
,GRP-0a2c0d69,Energy,Propane,235000.0,GRP-0a2c0d69,"Au and Ag, Open-pit and underground mining at Meadowbank complex",Au,13.4263118300476,0.996256182622859,17437.41735481067,"Au, usable ore",metal_economic
,GRP-0a2c0d69,Energy,Propane,235000.0,GRP-0a2c0d69,"Au and Ag, Open-pit and underground mining at Meadowbank complex",Ag,3.8879375,0.003743817377141018,226.28889575208945,"Ag, usable ore",metal_economic
BC-MAIN-ed23117f,,Energy,Propane,,BC-MAIN-ed23117f,"Au and Cu, Open-pit mining and beneficiation at Mount Milligan",Au,4.8021004685,0.5622849655905816,,"Au, usable ore",metal_economic
BC-MAIN-ed23117f,,Energy,Propane,,BC-MAIN-ed23117f,"Au and Cu, Open-pit mining and beneficiation at Mount Milligan",Cu,28060.108304,0.43771503440941845,,"Cu, usable ore",metal_economic
ON-MAIN-fefeaee4,,Energy,Propane,229891868.95000002,ON-MAIN-fefeaee4,"Au, Underground mining and beneficiation at Musselwhite",Au,5.59863,1.0,41062165.02072829,"Au, usable ore",metal_economic
BC-MAIN-aa76f6f2,,Energy,Propane,710263.5224,BC-MAIN-aa76f6f2,"Au and Cu, Underground mining and beneficiation at New Afton",Au,2.0974023155,0.42271710025276227,143148.7580543967,"Au, usable ore",metal_economic
BC-MAIN-aa76f6f2,,Energy,Propane,710263.5224,BC-MAIN-aa76f6f2,"Au and Cu, Underground mining and beneficiation at New Afton",Cu,21500.2608,0.5772828997472378,19.07060521776365,"Cu, usable ore",metal_economic
,GRP-0d911886,Energy,Propane,6336058.0703,GRP-0d911886,"Au, Open-pit and underground mining at Porcupine complex",Au,8.08691,1.0,783495.558909398,"Au, usable ore",metal_economic
ON-MAIN-0aadf28f,,Energy,Propane,84441809.056336,ON-MAIN-0aadf28f,"Au, Open-pit and underground mining and beneficiation at Rainy River",Au,7.89235760749999,1.0,10699186.891391262,"Au, usable ore",metal_economic
BC-MAIN-8eb8be0d,,Energy,Propane,80313185.80000001,BC-MAIN-8eb8be0d,"Au and Cu, Open-pit mining and beneficiation at Red Chris",Au,0.1555175,0.24339693192888107,125696355.82589856,"Au, usable ore",metal_economic
BC-MAIN-8eb8be0d,,Energy,Propane,80313185.80000001,BC-MAIN-8eb8be0d,"Au and Cu, Open-pit mining and beneficiation at Red Chris",Cu,3628.736,0.7566030680711189,16745.556244060142,"Cu, usable ore",metal_economic
NL-MAIN-b64bae7a,,Energy,Propane,1000000.0,NL-MAIN-b64bae7a,"Fe, Open-pit mining and beneficiation at Scully",Fe,895553.6000000001,1.0,1.11662774846754,"Fe, usable ore",metal_economic
,GRP-14bfbb82,Energy,Propane,40177000.0,GRP-14bfbb82,"Au, Underground mining and beneficiation at Seabee Gold Operation",Au,1.2054783495,1.0,33328678.210325666,"Au, usable ore",metal_economic
,GRP-a13779f8,Energy,Propane,48400000.0,GRP-a13779f8,"Au and Ag and Cu and Zn, Underground mining and beneficiation at Snow Lake",Au,5.8276450705,0.6124179191730442,5086278.750574664,"Au, usable ore",metal_economic
,GRP-a13779f8,Energy,Propane,48400000.0,GRP-a13779f8,"Au and Ag and Cu and Zn, Underground mining and beneficiation at Snow Lake",Ag,26.4915663305,0.036127966204618486,66005.66921897561,"Ag, usable ore",metal_economic
,GRP-a13779f8,Energy,Propane,48400000.0,GRP-a13779f8,"Au and Ag and Cu and Zn, Underground mining and beneficiation at Snow Lake",Cu,12154.0,0.1701574307878526,677.6056977235531,"Cu, usable ore",metal_economic
,GRP-a13779f8,Energy,Propane,48400000.0,GRP-a13779f8,"Au and Ag and Cu and Zn, Underground mining and beneficiation at Snow Lake",Zn,34642.0,0.1812966838344847,253.29829390881181,"Zn, usable ore",metal_economic
QC-MAIN-02884fb5,,Energy,Propane,33000.0,QC-MAIN-02884fb5,"Au and Ag, Underground mining and beneficiation at Westwood-Doyon",Au,2.8926255,0.994897522565433,11350.110218090551,"Au, usable ore",metal_economic
QC-MAIN-02884fb5,,Energy,Propane,33000.0,QC-MAIN-02884fb5,"Au and Ag, Underground mining and beneficiation at Westwood-Doyon",Ag,1.143178039,0.005102477434567,147.29267847727698,"Ag, usable ore",metal_economic
ON-MAIN-fefeaee4,,Energy,Solar,1483200.0,ON-MAIN-fefeaee4,"Au, Underground mining and beneficiation at Musselwhite",Au,5.59863,1.0,264921.9541209189,"Au, usable ore",metal_economic
BC-MAIN-857b7b89,,Energy,Used oil,2344024.4,BC-MAIN-857b7b89,"Au, Underground mining and beneficiation at Brucejack",Au,0.9020015,1.0,2598692.352507174,"Au, usable ore",metal_economic
